4	c	h	a	n	-	v	e	r	i	f	y
A	d	a	m	 	L	a	n	z	a	/	W	o	W
C	o	n	r	a	d	 	A	l	a	n	 	R	o	c	k	e	n	h	a	u	s
E	m	p	t	y
E	n	c	y	c	l	o	p	e	d	i	a	 	D	r	a	m	a	t	i	c	a	/	B	o	o	k	m	a	r	k	l	e	t	/	c	o	d	e
E	v	a	l	i	o	n	/	m	a	g	n	e	t
E	v	i	l	-	u	n	v	e	i	l	e	d	.	c	o	m	/	J	o	h	n	 	K	a	p	s	h	a	w
F	a	v	i	c	o	n	.	i	c	o
F	r	a	n	c	h	e	s	c	a	 	R	a	m	s	e	y
G	i	t	h	u	b
H	e	 	W	i	l	l	 	N	o	t	 	D	i	v	i	d	e	 	U	s	/	P	O	L
J	e	n	n	a	 	L	y	n	n	 	M	e	o	w	r	i
K	i	l	l	3	r
K	i	t	t	e	n	s
L	o	g	o	m	a	x	 	P	r	o	d	u	c	t	i	o	n	s
M	a	i	n	 	P	a	g	e	/	A	p	r	i	l	 	1	,	 	2	0	0	7	/	A	r	t	i	c	l	e	N	o	w
M	a	i	n	 	P	a	g	e	/	P	i	n	t	e	r	e	s	t
M	a	i	n	 	p	a	g	e	/	R	e	c	e	n	t	l	y	f	e	a	t	u	r	e	d
M	a	r	g	e	r	i	e	 	B	r	u	b	a	k	e	r
M	c	M	a	n	s	i	o	n
M	i	l	o	 	Y	i	a	n	n	o	p	o	u	l	o	s	/	P	r	e	s	s	 	C	o	n	f	e	r	e	n	c	e
O	r	c	a
P	h	i	s	i	c	a
P	i	n	k	 	P	o	o	d	l	e
P	o	r	t	a	l	:	A	n	o	n	y	m	o	u	s	/	F	e	a	t	u	r	e	d	T	i	t	l	e
P	o	r	t	a	l	:	C	h	a	n	s	/	f	a	t	i	t	l	e
P	o	r	t	a	l	:	F	u	r	f	a	g	g	o	t	r	y	/	F	e	a	t	u	r	e	d	 	M	e	d	i	a	/	P	i	c	t	u	r	e	s	/	A	r	c	h	i	v	e
P	o	r	t	a	l	:	F	u	r	f	a	g	g	o	t	r	y	/	f	a	t	i	t	l	e
P	o	r	t	a	l	:	G	a	m	i	n	g	/	f	a	t	i	t	l	e
P	o	r	t	a	l	:	I	R	C	/	F	e	a	t	u	r	e	d	 	A	r	t	i	c	l	e	/	t	i	t	l	e
P	o	r	t	a	l	:	L	i	v	e	J	o	u	r	n	a	l	/	f	a	t	i	t	l	e
P	o	r	t	a	l	:	M	e	m	e	s	/	N	e	e	d	e	d
P	o	r	t	a	l	:	M	e	m	e	s	/	f	a	t	i	t	l	e
P	o	r	t	a	l	:	M	e	m	e	s	/	f	v
P	o	r	t	a	l	:	M	u	s	i	c	/	f	a	t	i	t	l	e
P	o	r	t	a	l	:	P	o	l	i	t	i	c	s	/	F	e	a	t	u	r	e	d	 	A	r	t	i	c	l	e	/	t	i	t	l	e
P	o	r	t	a	l	:	P	o	l	i	t	i	c	s	/	F	e	a	t	u	r	e	d	 	M	e	d	i	a	/	A	r	c	h	i	v	e
P	o	r	t	a	l	:	P	o	l	i	t	i	c	s	/	W	e	l	c	o	m	e
P	o	r	t	a	l	:	S	i	t	e	s	/	F	e	a	t	u	r	e	d	 	M	e	d	i	a	/	A	r	c	h	i	v	e
P	o	r	t	a	l	:	S	o	c	i	a	l	 	M	e	d	i	a
P	o	r	t	a	l	:	S	o	c	i	a	l	 	M	e	d	i	a	/	F	e	a	t	u	r	e	d	 	M	e	d	i	a	/	A	r	c	h	i	v	e
P	o	r	t	a	l	:	T	r	u	t	h	/	h	e	a	d	e	r
P	o	r	t	a	l	:	W	h	o	r	e	s	/	F	e	a	t	u	r	e	d	 	M	e	d	i	a	/	A	r	c	h	i	v	e
P	o	r	t	a	l	:	W	i	k	i	p	e	d	i	a	/	F	e	a	t	u	r	e	d	 	A	r	t	i	c	l	e	/	t	i	t	l	e
P	o	r	t	a	l	:	W	i	k	i	p	e	d	i	a	/	F	e	a	t	u	r	e	d	 	M	e	d	i	a	/	A	r	c	h	i	v	e
P	o	r	t	a	l	:	c	r	i	m	e	/	i	m	a	g	e	s
P	o	r	t	a	l	:	d	e	v	i	a	n	t	A	R	T	/	f	a	t	i	t	l	e
P	o	r	t	a	l	:	m	u	s	i	c	/	i	m	a	g	e	s
P	r	o	t	o	c	o	l	s	 	o	f	 	t	h	e	 	E	l	d	e	r	s	 	o	f	 	Z	i	o	n	/	r	e	a	d
P	u	p	p	i	e	s
R	E	S	E	R
R	a	n	d	y	 	R	o	b	e	r	t	 	S	t	a	i	r	/	i	n	t	e	r	v	i	e	w	0	1
R	y	a	n	 	G	e	n	t	l	e
S	q	u	i	s	h	y	 	S	q	u	a	s	h	y	 	W	 	O	 	P	T	R
T	o	d	d	 	P	r	o	s	t
T	o	k	y	o	 	M	i	r	e	g	e	 	S	e	i	z	u	r	e	s	 	F	E
U	s	e	r	 	r	i	g	h	t	s
V	a	l	e	r	i	a	n
W	o	l	f	 	p	u	n	k
W	o	m	p	 	W	o	m	p
Y	o	u	 	a	r	e	 	a	 	s	p	e	c	i	a	l	 	p	e	r	s	o	n
Y	o	u	n	o	w	/	P	a	r	t	n	e	r	s
Y	o	u	r	 	m	o	t	h	e	r	 	s	u	c	k	s	 	c	o	c	k	s	 	i	n	 	H	e	l	l	/	H	E	L	L	O	 	B	O	Y	S	!
‡	≠	ß	 	ï	‚	Ä	¢	Ã	Ä	·	¥	•	‚	Ä	¢	Ã	Å	 	î	‡	≠	®
