page	exists	redirect
'''GETs do not belong here'''	False	
{{{1}}}	False	
{{{2}}}	False	
{{{link	False	
{{{title}}}	False	
{{PAGENAME}}	False	
{{TALKPAGENAME}}	False	
/index	False	
&hearts;	True	♥
%27Roids	False	
%2Achan memes	False	
%3F	False	
%3F%3F%3F%3F	False	
%D0%A1%D0%B8%D0%B1%D0%B8%D1%80%D1%81%D0%BA%D0%BE%D0%B9 %D0%B3%D0%BE%D0%B2%D0%BE%D1%80	False	
♥‎	True	♥
1960s	False	
26577,'rita weibel01.jpg	False	
26578,'rita weibel02.jpg	False	
26579,'rita weibel03.jpg	False	
26580,'rita weibel04.jpg	False	
26581,'mtsbattery.jpg	False	
26582,'husband 005.jpg	False	
26583,'filedunghj.jpg	False	
26584,'217513 160806197313007 100001508827823 365719 5998684 n.jpg	False	
26592,'jessy jones .jpg	False	
26593,'whoremonger	False	
26594,'sammie-spades-12.jpg	False	
26595,'michelle a sinclair.jpg	False	
26596,'jessy-lee desjardins .jpg	False	
26597,'alexandra aka tawnie brown hooker.png	False	
26598,'ter.png	False	
26599,'mike south hypocrite.png	False	
26600,'148871 1521829964659 1201878410 31278859 3268656 n.jpg	False	
26601,'15716 1319589668778 1201878410 30825096 290219 n.jpg	False	
26602,'183857 1697867365484 1201878410 31584350 1891758 n.jpg	False	
26603,'n1201878410 30231783 6234353.jpg	False	
26604,'ami-emerson-spermcocktail-025-800x600.jpg	False	
26605,'000110070.jpg	False	
26606,'tina marie .jpg	False	
26607,'lisa marie kelley .jpg	False	
26608,'000099617.jpg	False	
26609,'000104937.jpg	False	
26610,'butter aka amber marie griebel.jpg	False	
26611,'joselyn pink .jpg	False	
26612,'fh234.jpg	False	
26613,'lfh .jpg	False	
26614,'fh1 .jpg	False	
26615,'fh11 .jpg	False	
26616,'fh321 .jpg	False	
26617,'izybella blu	False	
3%2C999th article	False	
45%C2%B0 Celsius	False	
99.9%25	False	
99%25	False	
A Womyn%27s Guide to Males	False	
a/	True	A/
a2m	True	A2m
abbreviation	True	Abbreviation
abomination	True	Abomination
abortion	True	Abortion
abrahamtard	True	Abrahamtard
accent	True	Accent
achievement	True	Achievement
acronym	True	Acronym
ad hominem	True	Ad hominem
Administrators%27 noticeboard	False	
Adobe&reg; Photoshop&reg;	True	Adobe® Photoshop®
advice	True	Advice
advocacy	True	Advocacy
aempirei	True	Aempirei
afro-chan	True	Afro-chan
age of consent	True	Age of consent
Agent Orange	False	
agoraphobia	True	Agoraphobia
agoraphobic	True	Agoraphobic
Ah fuck%2C I can%27t believe you%27ve done this	False	
AIRC	False	
alcoholic	True	Alcoholic
alias	True	Alias
alice	True	Alice
Alkaiser Sunblade	False	
all brainwashed channel awesome victims	True	All brainwashed channel awesome victims
all eneterbots	True	All eneterbots
almost raped	True	Almost raped
alpha geek	True	Alpha geek
Alt hierarchy	False	
alt.religion.scientology	True	Alt.religion.scientology
altcaps	True	Altcaps
America's Third Party‎	True	America's Third Party
AmigaOS	False	
AmIRC	False	
amirite	True	Amirite
Amy Daly	False	
Amy%27s Baking Company	False	
anakata	True	Anakata
anal-oral sex	True	Anal-oral sex
analingus	True	Analingus
anarchists	True	Anarchists
ancient aliens	True	Ancient aliens
androgyny	True	Androgyny
Angela Sazanow‎	True	Angela Sazanow
angery	True	Angery
angst	True	Angst
animation	True	Animation
animation elitists	True	Animation elitists
animator	True	Animator
annoying	True	Annoying
anonymous remailer	True	Anonymous remailer
Anthony Daniel	False	
anti-feminist	True	Anti-feminist
anti-furry	True	Anti-furry
anti-lulz	True	Anti-lulz
antihero	True	Antihero
Anton St Germain	False	
anuebunnie/logs	True	Anuebunnie/logs
anyone who worked on mlp really	True	Anyone who worked on mlp really
apes	True	Apes
Appeal to authority	False	
Appeal to emotion	False	
Arbitration Committee/History‎	True	Arbitration Committee/History
archaeology	True	Archaeology
areems	True	Areems
areolæ	True	Areolæ
arguably	True	Arguably
Argumentum ad lapidem	False	
Argumentum ad populum	False	
arisuchan	True	Arisuchan
art	True	Art
article	True	Article
article title	True	Article title
asdfmovie	True	Asdfmovie
asking for it	True	Asking for it
Asperger%27s syndrome	False	
ass	True	Ass
assassination	True	Assassination
assclown	True	Assclown
asskissing	True	Asskissing
asspat	True	Asspat
asstr.org	True	Asstr.org
asterisk	True	Asterisk
asthma	True	Asthma
At first I was like X%2C but then I was like Y	False	
at least 100	True	At least 100
at least 100 times	True	At least 100 times
attack	True	Attack
attention	True	Attention
authoritarian	True	Authoritarian
autistic screeching	True	Autistic screeching
awesome	True	Awesome
aXXo	True	AXXo
azad slide	True	Azad slide
b/-day	True	B/-day
b/space Day	True	B/space Day
B%26	False	
b4b0	True	B4b0
baby	True	Baby
baby daddy	True	Baby daddy
babyfur	True	Babyfur
babysitter	True	Babysitter
backdoor	True	Backdoor
bad	True	Bad
bait	True	Bait
bald	True	Bald
Balkans‎‎	True	Balkans
bandwidth	True	Bandwidth
banks	True	Banks
bant/	True	Bant/
barnstar	True	Barnstar
basement	True	Basement
bastard	True	Bastard
bat	True	Bat
bawtism	True	Bawtism
Baxter	False	
bear	True	Bear
beard	True	Beard
beastiality	True	Beastiality
beaver	True	Beaver
Because of Parkinson%27s	False	
bed bug	True	Bed bug
beef curtain	True	Beef curtain
bender	True	Bender
BeOS	False	
Bersirc	False	
bestiality	True	Bestiality
bias in Wikipedia	True	Bias in Wikipedia
big	True	Big
Big 8 (Usenet)	False	
bigot	True	Bigot
BIRCH	False	
bisexual	True	Bisexual
bishounen	True	Bishounen
bitch	True	Bitch
Bitches don%27t know	False	
bitching	True	Bitching
BitchX	False	
black	True	Black
Black People Love Us%21	False	
blackup	True	Blackup
bleeding	True	Bleeding
blejus	True	Blejus
blogosphere	True	Blogosphere
bloodlent	True	Bloodlent
blow	True	Blow
blowback	True	Blowback
blue balls	True	Blue balls
blumla	True	Blumla
blumpkin	True	Blumpkin
boards	True	Boards
body	True	Body
bollix	True	Bollix
bomb	True	Bomb
bonzi b	True	Bonzi b
boob shot	True	Boob shot
boob shots	True	Boob shots
book	True	Book
bookmark	True	Bookmark
booru	True	Booru
booted	True	Booted
bootlegged	True	Bootlegged
booty	True	Booty
bossy	True	Bossy
Boston University	False	
bot	True	Bot
bot army	True	Bot army
botnet	True	Botnet
bow	True	Bow
Bow ty	False	
boycott	True	Boycott
boyfriend	True	Boyfriend
boyfriends	True	Boyfriends
boylove	True	Boylove
boysaregreat1	True	Boysaregreat1
boyzoom	True	Boyzoom
boyzparadise.net	True	Boyzparadise.net
brain	True	Brain
brb, compromised	True	Brb, compromised
Brb%2C compromised	False	
Brb%2C soup	False	
breeder	True	Breeder
Breitscheidplatz‎	True	Breitscheidplatz
Brianna Wu/Did Brianna Wu Ever Leave Her Home in Mid-October%3F	False	
brickhousebunny21	True	Brickhousebunny21
BRILLIANT%21	False	
Britain%27s Got No Fucking Talent	False	
brofist	True	Brofist
browser	True	Browser
brutal honesty	True	Brutal honesty
bubs4696	True	Bubs4696
buddy	True	Buddy
Bug Chasers‎	True	Bug Chasers
bukkake	True	Bukkake
bullemic	True	Bullemic
Bulletin whore	False	
bullshit	True	Bullshit
bulshit	True	Bulshit
bump	True	Bump
Bureaucratic Fuck‎	True	Bureaucratic Fuck
But What Are Your Thoughts On Yaoi%3F	False	
But you are died%21	False	
butt boy	True	Butt boy
butt plug	True	Butt plug
butterymufkin	True	Butterymufkin
buttraep	True	Buttraep
buttsecks	True	Buttsecks
buttsecs	True	Buttsecs
cake shop	True	Cake shop
camel humpers	True	Camel humpers
camera	True	Camera
camp	True	Camp
camwhore	True	Camwhore
cancer	True	Cancer
canon	True	Canon
Cap and trade	False	
capeshit	True	Capeshit
car crash	True	Car crash
Carl Flint	False	
cartoonaboos	True	Cartoonaboos
Casey nunez	False	
cash	True	Cash
casual	True	Casual
cat	True	Cat
Cat‎	True	Cat
cat fight	True	Cat fight
catch phrase	True	Catch phrase
catchphrase	True	Catchphrase
Category:Drama-generating techniques	False	
Category:ED Policy	False	
Category:Edit Wars	False	
Category:Internets Phenomena	False	
Category:Main	False	
Category:Movies	False	
Category:Music	False	
Category:People	False	
Category:Portals	False	
Category:Softwarez	False	
Category:TV Shows	False	
catgirl	True	Catgirl
catlady	True	Catlady
cba	True	Cba
CBIRC	False	
cdaae	True	Cdaae
cellophane01	True	Cellophane01
censorship	True	Censorship
centipede	True	Centipede
chadzboys	True	Chadzboys
chadzboyz	True	Chadzboyz
chair	True	Chair
challenging god	True	Challenging god
chan	True	Chan
chaos	True	Chaos
Charlie Bit Me - Again%21	False	
chasity belt	True	Chasity belt
chat	True	Chat
chat log	True	Chat log
ChatZilla	False	
chauvinist	True	Chauvinist
cheat	True	Cheat
cheat code	True	Cheat code
cheeseburger	True	Cheeseburger
cherihousewife	True	Cherihousewife
chicken fight	True	Chicken fight
chigger	True	Chigger
childbirth	True	Childbirth
childless	True	Childless
children	True	Children
Chloe Sagal‎	True	Chloe Sagal
chocolate	True	Chocolate
Chorizo	False	
Chris Crocker by Eddboy.jpg	False	
Chris-chan‎	True	Chris-chan
Chris-Chan/Psychological Report	False	
Christie Sims	False	
church	True	Church
cipherspace	True	Cipherspace
circle jerk	True	Circle jerk
cis female	True	Cis female
Citty Glitter	False	
city glitter	True	City glitter
cj	True	Cj
ck/	True	Ck/
cl0r0x	True	Cl0r0x
class action lawsuit	True	Class action lawsuit
clean	True	Clean
clever	True	Clever
clickbait	True	Clickbait
Climategate/Leaked Emails‎	True	Climategate/Leaked Emails
clique	True	Clique
clit lickers	True	Clit lickers
clitoris	True	Clitoris
cloaking	True	Cloaking
clone	True	Clone
clones	True	Clones
clusterfuck	True	Clusterfuck
co/	True	Co/
cock	True	Cock
Cock goes where%3F	False	
cockdock	True	Cockdock
cockslap	True	Cockslap
cocktease	True	Cocktease
code	True	Code
coding	True	Coding
coflower	True	Coflower
coin	True	Coin
college	True	College
Colloquy	False	
Combining Cyrillic Millions Sign %28Firefox%29	False	
comedian	True	Comedian
command prompt	True	Command prompt
commas	True	Commas
comment whore	True	Comment whore
comments	True	Comments
community	True	Community
companion cube	True	Companion cube
complete	True	Complete
complete rewrite	True	Complete rewrite
completist	True	Completist
computer	True	Computer
computer virus	True	Computer virus
con	True	Con
condescension	True	Condescension
condom	True	Condom
conformist	True	Conformist
Conker's Bad Fur Day‎	True	Conker's Bad Fur Day
conscience	True	Conscience
consensus	True	Consensus
consort	True	Consort
context	True	Context
control message	True	Control message
convention	True	Convention
Conversation IRC	False	
Conversation threading	False	
cook	True	Cook
cookie cutter	True	Cookie cutter
cool Kids	True	Cool Kids
coooooooooooooooooooo	True	Coooooooooooooooooooo
copypasta	True	Copypasta
copyright	True	Copyright
cosplay	True	Cosplay
countervandalism.org	True	Countervandalism.org
cow	True	Cow
coyote Ugly	True	Coyote Ugly
crack babies	True	Crack babies
crack rocks	True	Crack rocks
cracker	True	Cracker
crackwhore	True	Crackwhore
crake	True	Crake
crap	True	Crap
crapp	True	Crapp
creation	True	Creation
creepshots	True	Creepshots
creepy	True	Creepy
cringeworthy	True	Cringeworthy
cringy	True	Cringy
crisis	True	Crisis
critics	True	Critics
cropperb	True	Cropperb
crossover	True	Crossover
crzrussian	True	Crzrussian
cthulu	True	Cthulu
CTS	False	
cub porn	True	Cub porn
cult	True	Cult
cum	True	Cum
cum dump	True	Cum dump
cunt punt	True	Cunt punt
cuntpaste	True	Cuntpaste
curechan	True	Curechan
cutslikedrugsx	True	Cutslikedrugsx
cuveen	True	Cuveen
cyberbullied	True	Cyberbullied
cybersex	True	Cybersex
cyberstalking	True	Cyberstalking
cynical	True	Cynical
Daddy%27s money lesbian	False	
damnportlanders	True	Damnportlanders
dancingdrew	True	Dancingdrew
dark age	True	Dark age
darwingl	True	Darwingl
data	True	Data
data recovery	True	Data recovery
dataminer	True	Dataminer
dawg	True	Dawg
Dead deer-chan	False	
deadly.org	True	Deadly.org
deathcore	True	Deathcore
Deaths in {{CURRENTYEAR}}	False	
debate	True	Debate
Deborah Tate	False	
decanter	True	Decanter
deep thinker	True	Deep thinker
defense	True	Defense
deflamation	True	Deflamation
defriend	True	Defriend
DejaNews	False	
delete	True	Delete
deletionist	True	Deletionist
delicate flower	True	Delicate flower
delicious loli	True	Delicious loli
delikanlı	True	Delikanlı
demon	True	Demon
Demon%27s Souls	False	
depression	True	Depression
derp	True	Derp
desirable	True	Desirable
desperate	True	Desperate
dessert	True	Dessert
dev	True	Dev
device	True	Device
diapers	True	Diapers
dick	True	Dick
dickhead	True	Dickhead
Did he die%3F	False	
Did he died%3F	False	
diddling	True	Diddling
digital signature	True	Digital signature
digitalemotion	True	Digitalemotion
dignity	True	Dignity
dilaudid	True	Dilaudid
dildo	True	Dildo
dinner	True	Dinner
dioxin	True	Dioxin
dIRC	True	DIRC
dirty old man	True	Dirty old man
disagree	True	Disagree
disc jockey	True	Disc jockey
discrimination	True	Discrimination
Disney Channel	False	
disputed	True	Disputed
diva	True	Diva
divierto	True	Divierto
diy/	True	Diy/
djbb	True	Djbb
DO NOT WANT BUNNIES	False	
DO NOT WANT HAT	False	
Doesn%27t afraid of anything	False	
dog	True	Dog
dogcow	True	Dogcow
dollar	True	Dollar
dong	True	Dong
dongs	True	Dongs
dork	True	Dork
dot.com	True	Dot.com
double anal	True	Double anal
double standards	True	Double standards
douchebag	True	Douchebag
doxxing	True	Doxxing
doyouatecat	True	Doyouatecat
DR8C0	False	
dragon cock	True	Dragon cock
drama	True	Drama
drama bomb	True	Drama bomb
drama magnet	True	Drama magnet
drama queen	True	Drama queen
drama quotient	True	Drama quotient
drama remorse	True	Drama remorse
drama whore	True	Drama whore
drama yacht	True	Drama yacht
dream	True	Dream
dream brother	True	Dream brother
driver	True	Driver
drown	True	Drown
drunk	True	Drunk
dual	True	Dual
dude	True	Dude
Dumuzi-ouji‎	True	Dumuzi-ouji
Dungeons %26 Dragons	False	
Dungeons%20&%20Dragons	False	
e-dentity	True	E-dentity
e-girls	True	E-girls
e-mail spam	True	E-mail spam
e-penis	True	E-penis
e-stalking	True	E-stalking
e621	True	E621
eat attack	True	Eat attack
eaten	True	Eaten
ebaums did it	True	Ebaums did it
eBay	True	EBay
economist	True	Economist
economy	True	Economy
ecstasy	True	Ecstasy
edgy	True	Edgy
edit	True	Edit
edit war	True	Edit war
Eduardo the German	False	
eFukt	True	EFukt
Egmont Fleetway	False	
EIEIEIEIEI%21	False	
electronic mail	True	Electronic mail
elitist role players to casuals	True	Elitist role players to casuals
email	True	Email
emo	True	Emo
employee	True	Employee
enabling	True	Enabling
Encyclop&aelig;dia Dramatica	True	Encyclopædia Dramatica
Encyclop%C3%A6dia Dramatica	False	
Encyclopedia Dramatica:A User's Guide to Article Building	False	
Encyclopedia Dramatica:Advanced Meta	False	
Encyclopedia Dramatica:Article of the Now	False	
Encyclopedia Dramatica:Donate	False	
Encyclopedia Dramatica:ED Is Not	False	
Encyclopedia Dramatica:Help	False	
Encyclopedia Dramatica:How 2 EDit for Dummies	False	
Encyclopedia Dramatica:Image Selection Process	False	
Encyclopedia Dramatica:Improvement Drive	False	
Encyclopedia Dramatica:Internet Relevance	False	
Encyclopedia Dramatica:IRC	False	
Encyclopedia Dramatica:Orphan	False	
Encyclopedia Dramatica:Quote of the Now	False	
Encyclopedia Dramatica:Sandbox	False	
Encyclopedia Dramatica:Staff	False	
Encyclopedia Dramatica:Stub	False	
Encyclopedia Dramatica:Thizzlehat Junction Center	False	
Encyclopedia Dramatica:Userboxes	False	
Encyclopedia Dramatica:Vandalism is Pointless	False	
Encyclopedia Dramatica:Vox Dramatica prize	False	
Encyclopedia Dramatica:Why not pipe?	False	
Encyclopedia Dramatica:YouTube Improvement Drive	False	
encyclopediadramatica.rs	True	Encyclopediadramatica.rs
endgameradio	True	Endgameradio
endoftheinter.net	True	Endoftheinter.net
ENGLISH MOTHERFUCKER, DO YOU SPEAK IT%3F	False	
ENGLISH MOTHERFUCKER%2C DO YOU SPEAK IT%3F	False	
enlightenment	True	Enlightenment
enterbots	True	Enterbots
entertainment	True	Entertainment
Epic Rap Battles of History‎	True	Epic Rap Battles of History
epic results	True	Epic results
epithet	True	Epithet
eproctophilia‎	True	Eproctophilia
error	True	Error
eSchwa BBS	True	ESchwa BBS
etc	True	Etc
ethnic	True	Ethnic
euphoric	True	Euphoric
EVERYDAY I%27M HUSTLIN	False	
everyone on deviantart	True	Everyone on deviantart
everyone who worked on Frozen	True	Everyone who worked on Frozen
ews	True	Ews
example	True	Example
excited	True	Excited
excuse	True	Excuse
experiment	True	Experiment
exploit	True	Exploit
explosion	True	Explosion
face lift	True	Face lift
facefag	True	Facefag
facepalm	True	Facepalm
fag	True	Fag
faggot	True	Faggot
faghag	True	Faghag
fail	True	Fail
fair use	True	Fair use
fairy	True	Fairy
fake journal	True	Fake journal
falling out	True	Falling out
fan sign	True	Fan sign
fanatics	True	Fanatics
fandom	True	Fandom
fanime	True	Fanime
fanlistings	True	Fanlistings
fantasy	True	Fantasy
fap	True	Fap
farming	True	Farming
fat	True	Fat
fat girl	True	Fat girl
Fat Larry's Band‎	True	Fat Larry's Band
fatten	True	Fatten
fatter	True	Fatter
feather niggers	True	Feather niggers
featured article	True	Featured article
fedora	True	Fedora
feem	True	Feem
Felix	False	
feminist	True	Feminist
femnazis on Youtube	True	Femnazis on Youtube
ferreal	True	Ferreal
fetish	True	Fetish
fiction	True	Fiction
figlet	True	Figlet
File:800px-Realdiceshorty.png	False	
File:Aspirations.jpg	False	
File:Bat country.jpg	False	
File:Brawl.png	False	
File:Everyone get in here.png	False	
File:Hello.jpg	False	
File:Impressed ref.JPEG	False	
File:Roundworms-th.jpg	False	
File:Trevor moore on 4ch.jpg	False	
File:Whoopis eyebrows.png	False	
filler	True	Filler
filmboards	True	Filmboards
filter	True	Filter
Final Fantasy XIII‎	True	Final Fantasy XIII
final form	True	Final form
fire	True	Fire
Fire (software)	False	
fire drill	True	Fire drill
firemaster92	True	Firemaster92
fish	True	Fish
fission mailed	True	Fission mailed
fisting	True	Fisting
Five Nights at Freddy%27s	False	
fkn	True	Fkn
flame	True	Flame
flamer	True	Flamer
Flaming (Internet)	False	
flashmob	True	Flashmob
flaunt	True	Flaunt
flounce	True	Flounce
flounces	True	Flounces
fluffers	True	Fluffers
fluffy	True	Fluffy
foalcon	True	Foalcon
folk	True	Folk
food	True	Food
football	True	Football
fop	True	Fop
for great justice	True	For great justice
Forced Memes %28Television%29	False	
foreskin	True	Foreskin
foreskin wallet	True	Foreskin wallet
forum	True	Forum
fouseyTUBE	True	FouseyTUBE
franc	True	Franc
frankbertrand	True	Frankbertrand
Frasier	False	
free	True	Free
free market	True	Free market
freedom	True	Freedom
freedom of speech bitchez. Murka fuck yeh.png	True	Freedom of speech bitchez. Murka fuck yeh.png
freeleech	True	Freeleech
friends	True	Friends
friends list	True	Friends list
friends only	True	Friends only
friends page	True	Friends page
friendwhore	True	Friendwhore
fro0tlo0p	True	Fro0tlo0p
frog	True	Frog
front page fags	True	Front page fags
frozenfans	True	Frozenfans
fuanon	True	Fuanon
Fuck you%2C I%27m a dragon%21	False	
fucktard	True	Fucktard
fully sick	True	Fully sick
fun	True	Fun
fundamentalists	True	Fundamentalists
funny	True	Funny
fur faggotry	True	Fur faggotry
furpiles	True	Furpiles
furry art	True	Furry art
furry love	True	Furry love
fursecution	True	Fursecution
fursona	True	Fursona
fursuit	True	Fursuit
futility	True	Futility
future	True	Future
g/	True	G/
g00ns	True	G00ns
gagdub	True	Gagdub
Gaim	False	
gaiz	True	Gaiz
gallantmon8	True	Gallantmon8
gangbang	True	Gangbang
gangstalking	True	Gangstalking
ganguro	True	Ganguro
gasmask girl	True	Gasmask girl
gay.pl	True	Gay.pl
gb2	True	Gb2
geek	True	Geek
gender	True	Gender
GenesimmonsPoster.png	False	
genital warts	True	Genital warts
genocide	True	Genocide
George Bush doesn%27t care about black people	False	
ghetto	True	Ghetto
ghey	True	Ghey
gimmick	True	Gimmick
ginger	True	Ginger
girl	True	Girl
girlfriend	True	Girlfriend
girls clothing	True	Girls clothing
girltales.com	True	Girltales.com
girlvinyl.com	True	Girlvinyl.com
Girlvinyl/Emails‎	True	Girlvinyl/Emails
glomp	True	Glomp
Glowing Dragon	False	
glystew	True	Glystew
gmask	True	Gmask
gmmbbdhvDICKS	True	GmmbbdhvDICKS
God kills a kitten	False	
goddess of the internet	True	Goddess of the internet
Godwin%27s Law	False	
going commando	True	Going commando
golf	True	Golf
good article	True	Good article
goodgirl 666	True	Goodgirl 666
goons	True	Goons
gore	True	Gore
goth	True	Goth
government	True	Government
graph	True	Graph
gravity	True	Gravity
great	True	Great
GREATEXPECTATIONS320	False	
green	True	Green
gremlins	True	Gremlins
Grilvinyl	False	
grope	True	Grope
grudgewank	True	Grudgewank
gryphon	True	Gryphon
grzyb	True	Grzyb
guessing	True	Guessing
guitar	True	Guitar
gullible	True	Gullible
guro	True	Guro
guru	True	Guru
h0no	True	H0no
HA HA HA%2C OH WOW	False	
HA%21 HA%21 Guy	False	
habit	True	Habit
hacking	True	Hacking
HAHAHA DISREGARD THAT%2C I SUCK COCKS	False	
haihaikittyppg	True	Haihaikittyppg
Halloween‎	True	Halloween
halp	True	Halp
Hammer %284chan Meme%29	False	
hamster	True	Hamster
Hamtaro%27s Theory	False	
Hannibal Lecter	False	
harassing	True	Harassing
harassment	True	Harassment
hardcore	True	Hardcore
hardware	True	Hardware
harmless	True	Harmless
harrassment	True	Harrassment
Harrumph%21	False	
Has anyone really been far even as decided to use even go want to do look more like%3F	False	
hat	True	Hat
hate mail	True	Hate mail
haters	True	Haters
hbomberguy	True	Hbomberguy
heartagram	True	Heartagram
Henk Holl	False	
Henrietta Pussycat	False	
hentai	True	Hentai
heptop	True	Heptop
here come the lulz	True	Here come the lulz
hero	True	Hero
het	True	Het
heterophobe	True	Heterophobe
heterosexual	True	Heterosexual
hideous	True	Hideous
Hipcrime (Usenet)	False	
hipster	True	Hipster
hir	True	Hir
history	True	History
hive mind	True	Hive mind
hivemind	True	Hivemind
HNNNNNNGGGGG‎	True	HNNNNNNGGGGG
hole	True	Hole
homeless	True	Homeless
homeschool	True	Homeschool
homeschooling	True	Homeschooling
honesty	True	Honesty
honorz	True	Honorz
horse	True	Horse
hospital	True	Hospital
hot	True	Hot
Hover hand‎	True	Hover hand
How are you feeling today /b/%3F	False	
HOW CAN SHE SLAP%3F%21%3F	False	
How Do I Shot Web%3F	False	
How is babby formed%3F	False	
HSPA+	False	
hueg	True	Hueg
hueg.pl	True	Hueg.pl
hugbox	True	Hugbox
human toilet	True	Human toilet
humour	True	Humour
Hurr Durr	False	
husband	True	Husband
HydraIRC	False	
hygiene	True	Hygiene
hyooman	True	Hyooman
Hyper forums	False	
Hyrule	False	
I Can Has Cheezburger%3F	False	
I DIDN%27T EAT THAT FUCKIN SANDWICH OR THE TOILET THING EITHER%21	False	
I don%27t roll that way	False	
I don%27t think you have an X. Enjoy your Y.	False	
I GOT NORTON%21	False	
I have a 140 IQ‎	True	I have a 140 IQ
I TOUCHED HIS PENIS%21%21 OMG	False	
i-heart-hikaru	True	I-heart-hikaru
I%27D HIT IT%21	False	
I%27ll just leave this here	False	
I%27m 12 years old and what is this%3F	False	
I%27m Dying Squirtle	False	
I%27m on my bee	False	
I%27m so confused	False	
I%2C for one%2C welcome our new X overlords	False	
iBrony	True	IBrony
ic/	True	Ic/
iCarly	True	ICarly
IceChat	False	
iChan (chan)	True	IChan (chan)
icon	True	Icon
idiot	True	Idiot
IDK%2C my BFF Jill%3F	False	
idle	True	Idle
idlenet	True	Idlenet
IFM	False	
iFunny	True	IFunny
iichan	True	Iichan
illegal	True	Illegal
illiniguy34	True	Illiniguy34
ilu	True	Ilu
iMacros	True	IMacros
image	True	Image
image iwg3q9q.jpg	True	Image iwg3q9q.jpg
image nxqxlyt.jpg	True	Image nxqxlyt.jpg
image tx2kl94.jpg	True	Image tx2kl94.jpg
image y7dig78.jpg	True	Image y7dig78.jpg
imaginary	True	Imaginary
imanihilist	True	Imanihilist
imaybeparanoid	True	Imaybeparanoid
immature	True	Immature
imporant	True	Imporant
impprtant	True	Impprtant
in the ass	True	In the ass
in2teens	True	In2teens
incels	True	Incels
incest	True	Incest
indie	True	Indie
indiefucks	True	Indiefucks
indigo	True	Indigo
induction	True	Induction
infidelity	True	Infidelity
infotainment	True	Infotainment
ingeniously clever	True	Ingeniously clever
insub	True	Insub
int/	True	Int/
intellectual	True	Intellectual
intelligence	True	Intelligence
interesting	True	Interesting
internet boyfriend	True	Internet boyfriend
internet crushes	True	Internet crushes
internet ego machine	True	Internet ego machine
internet jail	True	Internet jail
internet relationships	True	Internet relationships
internet slang	True	Internet slang
internet trial	True	Internet trial
internets	True	Internets
intervention	True	Intervention
invasion of privacy	True	Invasion of privacy
invite code	True	Invite code
iPad	True	IPad
iPhone	True	IPhone
iPod	True	IPod
irc.kottnet.net	True	Irc.kottnet.net
ircabi	True	Ircabi
irchighway	True	Irchighway
ircII	True	IrcII
IRCle	False	
ircop	True	Ircop
iRONAS	True	IRONAS
irssi	True	Irssi
is	True	Is
IS IT CAN BE HUGS TIEM NOW PLEES%3F	False	
iScribble	True	IScribble
Isn%27t Dallas in California%3F	False	
it was never relevant at all guise	True	It was never relevant at all guise
IT'S OVER NINE THOUSAND%21	False	
It%27s a Fake	False	
It%27s a trap!	False	
IT%27S OVER 9000	False	
It%27s slowly coming this way%21	False	
iTunes	True	ITunes
iwrotetherules	True	Iwrotetherules
j-rap	True	J-rap
J%C3%A9sk%C3%A9 Couriano	False	
jack	True	Jack
jaikesghost	True	Jaikesghost
jailbait	True	Jailbait
jap trapboy gets fucked by horny 500 pound american neckbeard	True	Jap trapboy gets fucked by horny 500 pound american neckbeard
jarhead	True	Jarhead
Jat777	False	
jeffsfortboard.com	True	Jeffsfortboard.com
jerk	True	Jerk
jervaise brooke hamster	True	Jervaise brooke hamster
JESUS CHRIST IT%27S A LION GET IN THE CAR%21	False	
jewed	True	Jewed
jewlion	True	Jewlion
jimmybobob79	True	Jimmybobob79
jIRC	True	JIRC
jmIrc	True	JmIrc
job	True	Job
john	True	John
journal	True	Journal
jp/	True	Jp/
jpirc	True	Jpirc
jumped the shark	True	Jumped the shark
jumpscare	True	Jumpscare
k/	True	K/
kabouter	True	Kabouter
kamikaze	True	Kamikaze
kanker	True	Kanker
Kari Ferrel‎	True	Kari Ferrel
kawaii	True	Kawaii
kek	True	Kek
kev	True	Kev
Kevin &amp; Kell	True	Kevin & Kell
kewl	True	Kewl
keyboard	True	Keyboard
Khaaan%21	False	
killfilter	True	Killfilter
kittens	True	Kittens
kittenwar	True	Kittenwar
Klient	False	
knife	True	Knife
Kopete	False	
Krampus‎	True	Krampus
Kraut and Tea‎	True	Kraut and Tea
Krystal Can%27t Enjoy Her Sandwich	False	
KVIrc	False	
kyhell	True	Kyhell
L-L-LUNAJACK%21	False	
l0de	True	L0de
l0pht	True	L0pht
laced	True	Laced
lag	True	Lag
lainchan	True	Lainchan
lame	True	Lame
lamer	True	Lamer
lancerboi	True	Lancerboi
landwhale	True	Landwhale
language	True	Language
lawnmower	True	Lawnmower
leeb	True	Leeb
leet pvp	True	Leet pvp
leftypol/	True	Leftypol/
legal action	True	Legal action
lel	True	Lel
lemmings	True	Lemmings
lesbian	True	Lesbian
lethal action	True	Lethal action
levenator	True	Levenator
lgbt/	True	Lgbt/
liberal	True	Liberal
liberal media	True	Liberal media
LibIRC	False	
lie}fact	False	
liek	True	Liek
life	True	Life
life partner	True	Life partner
life story	True	Life story
lifestyle	True	Lifestyle
like	True	Like
Lil%27 Jon	False	
lilmekim	True	Lilmekim
lima pcp	True	Lima pcp
limit break	True	Limit break
Lindsay Kantha Souvannarath‎	True	Lindsay Kantha Souvannarath
links	True	Links
linode	True	Linode
lipstick lesbian	True	Lipstick lesbian
List of %2Achan boards	False	
List of Terms Referring to a Woman%27s Period	False	
literally	True	Literally
LittleCloud‎	True	LittleCloud
LIVE ADMIN	False	
live video	True	Live video
liver	True	Liver
ljdrama.org	True	Ljdrama.org
lmaonade	True	Lmaonade
lmaonaise	True	Lmaonaise
lmaowl	True	Lmaowl
logic	True	Logic
lohere	True	Lohere
lol	True	Lol
lolcano	True	Lolcano
lolerbation	True	Lolerbation
lolergasm	True	Lolergasm
lolita complex	True	Lolita complex
lolitrolu	True	Lolitrolu
lollercaust	True	Lollercaust
lollercoaster	True	Lollercoaster
lollerskates	True	Lollerskates
lolrus	True	Lolrus
lols-royce	True	Lols-royce
lonely	True	Lonely
looting	True	Looting
loser	True	Loser
love	True	Love
lovedr101	True	Lovedr101
lovesboys80	True	Lovesboys80
low self-esteem	True	Low self-esteem
lucky	True	Lucky
lucky225	True	Lucky225
lulcow	True	Lulcow
lulz	True	Lulz
lulzkiller	True	Lulzkiller
lunchmeats	True	Lunchmeats
lured	True	Lured
lynch mob	True	Lynch mob
M%C3%A4mmi	False	
m00t's GamerGate Sellout	True	M00t's GamerGate Sellout
macro	True	Macro
MACROCOSM	False	
magic	True	Magic
magical girl	True	Magical girl
magick	True	Magick
Mai-chan's Daily Life	False	
mailing list	True	Mailing list
mainstream	True	Mainstream
mall	True	Mall
manboobs	True	Manboobs
manchild	True	Manchild
mangina	True	Mangina
manhood	True	Manhood
mani	True	Mani
manlet	True	Manlet
manliness	True	Manliness
mantrain	True	Mantrain
Mao Xinyu	False	
map	True	Map
marital aid	True	Marital aid
marquee	True	Marquee
marriage	True	Marriage
marxist thug	True	Marxist thug
masturbator	True	Masturbator
maturity	True	Maturity
maxwell	True	Maxwell
McDonald%27s	False	
meatpuppet	True	Meatpuppet
meh	True	Meh
melting pot	True	Melting pot
meme	True	Meme
memebot	True	Memebot
memorial page tourist	True	Memorial page tourist
men	True	Men
menopause	True	Menopause
menstrual clots	True	Menstrual clots
mental	True	Mental
MenuetOS	False	
merillorang	True	Merillorang
Message To Scientology	False	
metacritic	True	Metacritic
metal	True	Metal
metrosexual	True	Metrosexual
Mic Gooflander	False	
Microsoft Comic Chat	False	
midget	True	Midget
Mighty Number 9‎	True	Mighty Number 9
Mike Tyson%27s Punch Out	False	
mike-the-cat	True	Mike-the-cat
mikenatlga	True	Mikenatlga
mikethehuman113	True	Mikethehuman113
Mikey won't add you to your contacts unless you like what he likes	False	
militant	True	Militant
min baro	True	Min baro
Minerva IRC	False	
mini meme	True	Mini meme
minimum wage	True	Minimum wage
Ministry of Lulz	False	
Miranda IM	False	
mIRC	True	MIRC
misleading thumbnail	True	Misleading thumbnail
misoconfused	True	Misoconfused
misogyny	True	Misogyny
Mister Rogers' Neighborhood	False	
mistyeyesxx	True	Mistyeyesxx
misunderstood	True	Misunderstood
mlp/	True	Mlp/
moaned	True	Moaned
moar	True	Moar
Mobile Phone	False	
mockney	True	Mockney
modern technology	True	Modern technology
mold	True	Mold
molest	True	Molest
molests	True	Molests
money	True	Money
money footage	True	Money footage
Monosodium Glutamate	False	
monster	True	Monster
moot	True	Moot
mora	True	Mora
mother	True	Mother
motherfucker	True	Motherfucker
motivator	True	Motivator
mouse poop	True	Mouse poop
mu/	True	Mu/
mugu	True	Mugu
mullet	True	Mullet
mundane	True	Mundane
mung	True	Mung
murder	True	Murder
muscle	True	Muscle
music	True	Music
music video	True	Music video
mutescream	True	Mutescream
mwmiller	True	Mwmiller
my body is ready	True	My body is ready
myg0t	True	Myg0t
n00dz	True	N00dz
nail in the coffin	True	Nail in the coffin
naim	True	Naim
narufag	True	Narufag
national debt	True	National debt
nationalism	True	Nationalism
nationalist	True	Nationalist
nc	True	Nc
neck	True	Neck
neckbeard	True	Neckbeard
necro	True	Necro
nerd	True	Nerd
netiquette	True	Netiquette
netizens	True	Netizens
neurodiversity	True	Neurodiversity
never work	True	Never work
new	True	New
news	True	News
nexopia	True	Nexopia
nigger dicks	True	Nigger dicks
niggerdick	True	Niggerdick
nigra	True	Nigra
Nikkineko333‎	True	Nikkineko333
Ninjas can%27t catch you	False	
nn	True	Nn
no ketchup	True	No ketchup
No offense%2C but...	False	
Nobel Prize for Racism‎	True	Nobel Prize for Racism
nohogirls	True	Nohogirls
noko	True	Noko
non existant	True	Non existant
noone	True	Noone
not a bug	True	Not a bug
not gay	True	Not gay
now	True	Now
nuchan	True	Nuchan
nuke edition	True	Nuke edition
nullcherri	True	Nullcherri
nun	True	Nun
Nurse-kun/Damaged Goods/Chapter 18 (Fake Thread)‎	True	Nurse-kun/Damaged Goods/Chapter 18 (Fake Thread)
nuts	True	Nuts
nuts4butts	True	Nuts4butts
Nyoro%7En	False	
O Noes Her Nanomachines%2111%21%21	False	
obsession	True	Obsession
obvious shit	True	Obvious shit
oclet	True	Oclet
octopus	True	Octopus
ocular rape	True	Ocular rape
oekaki	True	Oekaki
offended	True	Offended
offensive	True	Offensive
ogg	True	Ogg
Oh No You Didn%27t	False	
Oh shit i%27m sorry i meant	False	
oil	True	Oil
old fag	True	Old fag
old media	True	Old media
old meme	True	Old meme
olev	True	Olev
one click	True	One click
onefiftytwo	True	Onefiftytwo
oneoneone	True	Oneoneone
onidifag	True	Onidifag
online quiz	True	Online quiz
only 9000	True	Only 9000
oops	True	Oops
open membership	True	Open membership
open mic	True	Open mic
open relationship	True	Open relationship
Operation GTFO	False	
Operation Titstorm IRL	False	
opinion	True	Opinion
opsec	True	Opsec
oral	True	Oral
orgasm	True	Orgasm
orgy	True	Orgy
original copy	True	Original copy
original fiction	True	Original fiction
original research	True	Original research
orsl	True	Orsl
orz	True	Orz
otaku	True	Otaku
otay	True	Otay
otherkin	True	Otherkin
Over 9%2C000	False	
over 9000	True	Over 9000
overrated	True	Overrated
oxymoron	True	Oxymoron
packetgrinder	True	Packetgrinder
paedoheaven	True	Paedoheaven
pain in the ass	True	Pain in the ass
pandabear	True	Pandabear
panic	True	Panic
pansexual	True	Pansexual
Panty %26 Stocking with Garterbelt	False	
paranoid	True	Paranoid
paranoid schizophrenia	True	Paranoid schizophrenia
parenting	True	Parenting
parents	True	Parents
Party Hat	False	
partyvan	True	Partyvan
password	True	Password
Paul the Psychic Octopus‎	True	Paul the Psychic Octopus
paw	True	Paw
pedo	True	Pedo
pedoTalk	True	PedoTalk
pegging	True	Pegging
pekiti	True	Pekiti
penis envy	True	Penis envy
people	True	People
performance art	True	Performance art
permabanning	True	Permabanning
permanent suspension	True	Permanent suspension
personal army request	True	Personal army request
personal journal	True	Personal journal
pervert	True	Pervert
pet	True	Pet
Peter Griffin	False	
petridish.pw	True	Petridish.pw
Pettan%2C pettan%2C tsurupettan	False	
pFBind	True	PFBind
phat lewt	True	Phat lewt
phish	True	Phish
phobos	True	Phobos
phone sex	True	Phone sex
pie	True	Pie
piggyback	True	Piggyback
pikichu	True	Pikichu
piracy	True	Piracy
pirat ponton	True	Pirat ponton
pirate	True	Pirate
pIRCh	True	PIRCh
piss	True	Piss
piss4400	True	Piss4400
PJIRC	False	
planet	True	Planet
plastic crap	True	Plastic crap
please reply	True	Please reply
pleb	True	Pleb
plethora	True	Plethora
plox	True	Plox
plz	True	Plz
pnaomi	True	Pnaomi
po/	True	Po/
Poe%27s Law	False	
poetry	True	Poetry
Pok%C3%A9puns	False	
pokemontrainer55	True	Pokemontrainer55
pol/	True	Pol/
politics	True	Politics
polygamy	True	Polygamy
ponos	True	Ponos
Pool%27s Closed	False	
Pool%27s Closed/ASCII	False	
poor	True	Poor
popcorn.gif	True	Popcorn.gif
poppadave	True	Poppadave
popufur	True	Popufur
popular	True	Popular
popular belief	True	Popular belief
portmanteau	True	Portmanteau
porzellan	True	Porzellan
Post ending in %28x%29	False	
Post in this thread if %28x%29	False	
potato	True	Potato
power-bottom	True	Power-bottom
ppl	True	Ppl
prank	True	Prank
pre-op	True	Pre-op
pregnant	True	Pregnant
pretty cool guy	True	Pretty cool guy
prison	True	Prison
privilege	True	Privilege
pro-life	True	Pro-life
Problem%3F	False	
problematic	True	Problematic
professor	True	Professor
profile	True	Profile
programming language	True	Programming language
Project Chanology/Clearwater	False	
PROJECT CHANOLOGY/IRL PROTEST PAGE/Operation Reconnect/Orlando, FL	False	
Project Chanology/Orlando	False	
prole	True	Prole
prolly	True	Prolly
proxy	True	Proxy
pseudocide	True	Pseudocide
pseudonym	True	Pseudonym
psytrance	True	Psytrance
puddles	True	Puddles
Pumba Jeffery Larocque‎	True	Pumba Jeffery Larocque
punk	True	Punk
purgatory	True	Purgatory
pussy	True	Pussy
pyro	True	Pyro
q/	True	Q/
qst/	True	Qst/
quantum	True	Quantum
queef	True	Queef
quest	True	Quest
qweerdo	True	Qweerdo
r000t	True	R000t
r000t/r000tlogs	True	R000t/r000tlogs
r0x0rs	True	R0x0rs
r3x	True	R3x
r9k//r9k/	True	R9k//r9k/
race	True	Race
radio	True	Radio
radium	True	Radium
ragequit	True	Ragequit
ragreynolds	True	Ragreynolds
raid	True	Raid
random	True	Random
rap	True	Rap
rapage	True	Rapage
rape	True	Rape
rape victim	True	Rape victim
rape.sh	True	Rape.sh
rat	True	Rat
ratatata	True	Ratatata
ravished	True	Ravished
razor blade	True	Razor blade
rdtheproductions	True	Rdtheproductions
re/b/oot	True	Re/b/oot
reaction.jpg	True	Reaction.jpg
recommendation	True	Recommendation
recovered	True	Recovered
redirect	True	Redirect
redlenses2112/Skype Chat Fail	True	Redlenses2112/Skype Chat Fail
redterrapin	True	Redterrapin
redundant	True	Redundant
reg	True	Reg
rehab	True	Rehab
Reinheitsgebot	False	
religion	True	Religion
religion of peace	True	Religion of peace
rename tokens	True	Rename tokens
representation	True	Representation
respect	True	Respect
restraining order	True	Restraining order
retard	True	Retard
retard-Pokefags	True	Retard-Pokefags
retire	True	Retire
reupload	True	Reupload
revolution	True	Revolution
rice nigger	True	Rice nigger
Richard Burton	False	
right	True	Right
risk	True	Risk
Rob%27s Law	False	
robot	True	Robot
Rocky Balboa	False	
roflcoptor	True	Roflcoptor
rogue security software	True	Rogue security software
rok/i/ts	True	Rok/i/ts
Ron Gilbert	False	
roofie	True	Roofie
rude	True	Rude
rudy101	True	Rudy101
rugby league	True	Rugby league
Ruin Life Tactics	False	
rules	True	Rules
rumor	True	Rumor
Ruxpin exe	False	
s/	True	S/
S%26M	False	
s4s/	True	S4s/
S4s/Board Newspapers‎	True	S4s/Board Newspapers
safeword	True	Safeword
saga kid	True	Saga kid
sage	True	Sage
Sahara The Pedo	False	
salute	True	Salute
same	True	Same
samefag	True	Samefag
sans25a	True	Sans25a
satire	True	Satire
sauce	True	Sauce
save	True	Save
savIRC	True	SavIRC
scandal	True	Scandal
scatological	True	Scatological
scene	True	Scene
school	True	School
sci/	True	Sci/
science	True	Science
scissor	True	Scissor
scooterdude	True	Scooterdude
screamo	True	Screamo
screen name	True	Screen name
screencap	True	Screencap
screencapped	True	Screencapped
screenname	True	Screenname
screw up	True	Screw up
scroll up	True	Scroll up
scrolling marquee	True	Scrolling marquee
ScrollZ	False	
scuzz	True	Scuzz
sdf	True	Sdf
search engine	True	Search engine
secret policy document	True	Secret policy document
self-esteem	True	Self-esteem
self-hatred	True	Self-hatred
self-insert	True	Self-insert
senpai	True	Senpai
sense	True	Sense
sensitive	True	Sensitive
sepia	True	Sepia
serial adder	True	Serial adder
server	True	Server
sex tourism	True	Sex tourism
sexism	True	Sexism
sext	True	Sext
ShadowIRC	False	
shakesphere	True	Shakesphere
sharknado	True	Sharknado
sheep	True	Sheep
shell	True	Shell
shill	True	Shill
shills	True	Shills
shit	True	Shit
shit hole	True	Shit hole
shitcock	True	Shitcock
shitlist	True	Shitlist
shitlord	True	Shitlord
shitpost	True	Shitpost
shitty art	True	Shitty art
shooker	True	Shooker
shopping	True	Shopping
shoujo	True	Shoujo
show everyone online that i did	True	Show everyone online that i did
shtick	True	Shtick
siamese twin	True	Siamese twin
sick fuck	True	Sick fuck
significant other	True	Significant other
silicone	True	Silicone
similar	True	Similar
simulation	True	Simulation
sin	True	Sin
sinderella7	True	Sinderella7
sinks	True	Sinks
sissies	True	Sissies
skanky	True	Skanky
skeet	True	Skeet
skeezer	True	Skeezer
skill	True	Skill
skinhead	True	Skinhead
skratchgirl	True	Skratchgirl
skylark	True	Skylark
Slander%2C Slander Salamander	False	
slash	True	Slash
slashfic	True	Slashfic
sleeping	True	Sleeping
sloth	True	Sloth
slurs	True	Slurs
smegma	True	Smegma
smex	True	Smex
Smile, Devvy	False	
smileys	True	Smileys
smug	True	Smug
smut	True	Smut
Snak	False	
snake	True	Snake
snakesnogger	True	Snakesnogger
snark	True	Snark
snitch	True	Snitch
snuff	True	Snuff
snuff porn	True	Snuff porn
sociology	True	Sociology
soldier	True	Soldier
Solid Snake%27s Ass	False	
son	True	Son
songfic	True	Songfic
Sonic the Comic	False	
sonofss2	True	Sonofss2
sorry	True	Sorry
soulbonding	True	Soulbonding
soulbrothanumbuh3	True	Soulbrothanumbuh3
southerner	True	Southerner
soy	True	Soy
space mermaid	True	Space mermaid
spam	True	Spam
spambot	True	Spambot
Special:AllPages	False	
Special:ListAdmins	False	
Special:ListUsers/sysop	False	
Special:Random	False	
Special:RecentChanges	False	
Special:Search	False	
Special:Upload	False	
spk	True	Spk
spyware	True	Spyware
squee	True	Squee
ssidhu82	True	Ssidhu82
Star Trek‎	True	Star Trek
stare	True	Stare
stat	True	Stat
std's	True	Std's
steak	True	Steak
steamloller	True	Steamloller
steganography	True	Steganography
still young	True	Still young
stoner	True	Stoner
stoofoo	True	Stoofoo
STOP THE PRESSES%21	False	
story	True	Story
strait jacket	True	Strait jacket
strategic exit	True	Strategic exit
street cred	True	Street cred
strike team	True	Strike team
stripper	True	Stripper
strong	True	Strong
student	True	Student
stuff	True	Stuff
stupid	True	Stupid
stupid cows	True	Stupid cows
subtext	True	Subtext
success	True	Success
suck	True	Suck
suck up	True	Suck up
sucky sucky 5 dollar	True	Sucky sucky 5 dollar
Sugar We%27re Going Down	False	
suicide	True	Suicide
suit	True	Suit
Sunkist Carmen‎	True	Sunkist Carmen
sushi	True	Sushi
swag	True	Swag
swastika	True	Swastika
switch	True	Switch
Sylver %26 caleb	False	
synthetikmisery	True	Synthetikmisery
taa	True	Taa
tabloid	True	Tabloid
taint	True	Taint
Taken by the T-Rex	False	
takumi	True	Takumi
talentless	True	Talentless
talk page	True	Talk page
talking head	True	Talking head
TalkSoup	False	
tank	True	Tank
TAP LADEDANS FISTON%21	False	
Tara the High Elf	False	
tard	True	Tard
tattoo	True	Tattoo
teacher	True	Teacher
teaching	True	Teaching
teamdouche	True	Teamdouche
teamnoir	True	Teamnoir
teeth	True	Teeth
teh	True	Teh
televangelist	True	Televangelist
televised	True	Televised
Template:2000goatse	False	
Template:Articleexhibits	False	
Template:GamerGate	False	
Template:Yourgay	False	
ten bux	True	Ten bux
teranoid	True	Teranoid
terrible	True	Terrible
text-adventure	True	Text-adventure
tfiles	True	Tfiles
tg/	True	Tg/
th3j35t3r	True	Th3j35t3r
tha w3rm	True	Tha w3rm
that annoying frozen fantard whose name I cant remember	True	That annoying frozen fantard whose name I cant remember
That One	False	
that rustled my jimmies	True	That rustled my jimmies
That%27s not funny%2C my brother died that way	False	
Thats not funny%2C my brother died that way	False	
The Arguecat Weightloss Challenge‎	True	The Arguecat Weightloss Challenge
the black cloud	True	The black cloud
the children in Africa	True	The children in Africa
the general public	True	The general public
the Google{{!}}teh Google	False	
The Great Egyptian Riot of 2011‎	True	The Great Egyptian Riot of 2011
the jungle	True	The jungle
The Last Of Us	False	
The my opinion card	False	
THE NEW HOVEROUND TESTAMENT%2C BOOK OF CADNOCAT	False	
theb0lt	True	Theb0lt
thekosher	True	Thekosher
them	True	Them
themoonfell	True	Themoonfell
themysticenigma	True	Themysticenigma
theology	True	Theology
there are no women on the internet	True	There are no women on the internet
thesmit	True	Thesmit
thewinekone	True	Thewinekone
they	True	They
They see me rollin%27	False	
thick	True	Thick
This is why we can%27t have nice things	False	
thong	True	Thong
thread	True	Thread
throwaway	True	Throwaway
tiabliaj	True	Tiabliaj
tilde	True	Tilde
time	True	Time
timecop	True	Timecop
tiny balloon dick	True	Tiny balloon dick
TinyIRC	False	
tits	True	Tits
Tl%3Bdr	False	
Tl%3Bdw	False	
tmbg37	True	Tmbg37
TMTAE	False	
toilet	True	Toilet
tolerance	True	Tolerance
Too old%3B DO NOT WANT%21	False	
toolman	True	Toolman
tools	True	Tools
Top lel‎	True	Top lel
torture	True	Torture
Tosh%27s Law	False	
totally original	True	Totally original
tots	True	Tots
toukan	True	Toukan
ToyBOX	False	
trailor trash	True	Trailor trash
trainwreck	True	Trainwreck
Transhumanist Pedophile	False	
transvestite	True	Transvestite
trap	True	Trap
trapchan	True	Trapchan
trash	True	Trash
trending	True	Trending
trigger	True	Trigger
Trillian (chat client)	False	
troll	True	Troll
troll group	True	Troll group
Troll%27s remorse	False	
true facts	True	True facts
true love	True	True love
Trying to hard	False	
turn on	True	Turn on
tv/	True	Tv/
tweeker	True	Tweeker
Twilight Sky	False	
twit	True	Twit
two girls and a boy	True	Two girls and a boy
typo	True	Typo
tyrant	True	Tyrant
uber	True	Uber
Ubuntu 10.04	False	
ugly	True	Ugly
Ulrichthehedgehog‎	True	Ulrichthehedgehog
Umami	False	
un popular	True	Un popular
unbaleeted	True	Unbaleeted
unblock	True	Unblock
underscore	True	Underscore
unfriend	True	Unfriend
unfunny	True	Unfunny
uninteresting	True	Uninteresting
UNITI%D0%98U	False	
Unix-like	False	
unlimited disposable income	True	Unlimited disposable income
unrealistic expectation	True	Unrealistic expectation
unrelated	True	Unrelated
unstable	True	Unstable
ur	True	Ur
Usenet Death Penalty	False	
user-generated content	True	User-generated content
User:33mhz	False	
User:An0n/Hackforums.net	False	
User:Bambi Louu/firegoron	False	
User:Bastardman	False	
User:Benboyce/P Money	False	
User:ChrisH/Celine Dion	False	
User:DocEvil	False	
User:DoomKnight/Tiny Toons Adventures	False	
User:Efrey/MasterChan	False	
User:Hipcrime/Hipcrime Appreciation Station	False	
User:Hipcrime/The 1000 Titles of Hipcrime	False	
User:Jakesofresh/Counter troll	False	
User:JesuitX	False	
User:Kashiwaba Tomoe	False	
User:LeftClicker/Verynicelady	False	
User:Likeicare	False	
User:LiteralKa	False	
User:Lmte	False	
User:Mantequilla	False	
User:Mu.ollin/Succubus	False	
User:Nachash/Pink Meth	False	
User:Oddguy	False	
User:PBF	False	
User:Seisatsu	False	
User:Smokey/10fags	False	
User:Smokey/1up.com	False	
User:Smokey/Columbus	False	
User:Snaisybelle	False	
User:T/CHILDPROTECT	False	
User:Հայ/Alzheimers	False	
userinfo	True	Userinfo
username	True	Username
usher	True	Usher
uTorrent	True	UTorrent
V%26	False	
vaginal	True	Vaginal
vaginal warrior	True	Vaginal warrior
vampire	True	Vampire
vanity search	True	Vanity search
verified	True	Verified
vfallenangelv	True	Vfallenangelv
VIDEO DELETED	False	
vinnyvim	True	Vinnyvim
vinyl	True	Vinyl
violence	True	Violence
viperhor	True	Viperhor
ViRC	False	
Virca	False	
virgin	True	Virgin
virus	True	Virus
Vision	False	
visionary	True	Visionary
vital article	True	Vital article
vomit	True	Vomit
voodoo	True	Voodoo
voted off the island	True	Voted off the island
vp/	True	Vp/
vulva	True	Vulva
w00t	True	W00t
w0rmer	True	W0rmer
waffles	True	Waffles
wallpaper	True	Wallpaper
wank	True	Wank
war	True	War
warden-warden	True	Warden-warden
warez	True	Warez
was	True	Was
was fired	True	Was fired
water boarding	True	Water boarding
watermark	True	Watermark
WE%27RE GOING BACK TO POTATOS TO GET MY FUCKING POWER WRIST	False	
weak sauce	True	Weak sauce
web hosts	True	Web hosts
web traffic	True	Web traffic
webcam	True	Webcam
webcomic	True	Webcomic
websense	True	Websense
website	True	Website
weev quotes	True	Weev quotes
weev/Lyrics	True	Weev/Lyrics
wehogirls	True	Wehogirls
weight	True	Weight
welfare	True	Welfare
welfare checks	True	Welfare checks
welp	True	Welp
wench	True	Wench
Wesley%21%21%21	False	
what does he have against furries?	True	What does he have against furries?
What is a man%3F	False	
What is Love%3F	False	
what to do when your family disowns you	True	What to do when your family disowns you
whatever	True	Whatever
whatevertrevor	True	Whatevertrevor
whatisthematrix77	True	Whatisthematrix77
Where do you want to go today%3F	False	
Where is your X now%3F	False	
whiney	True	Whiney
white trash	True	White trash
whiteguys fartinmyface	True	Whiteguys fartinmyface
whitewashing	True	Whitewashing
wholesome family environment	True	Wholesome family environment
whore	True	Whore
whore before	True	Whore before
Why do you hate America%3F	False	
Why So Serious%3F	False	
wigger	True	Wigger
wiki	True	Wiki
wikibreak	True	Wikibreak
wikicide	True	Wikicide
William Atchison‎‎	True	William Atchison
wiminz	True	Wiminz
winrar	True	Winrar
wishlist	True	Wishlist
wizards	True	Wizards
WLIRc	False	
wolf	True	Wolf
wolfaboo	True	Wolfaboo
Women%27s space	False	
wordfilter	True	Wordfilter
wpcomment.sh	True	Wpcomment.sh
wrgh	True	Wrgh
wtfuazrp	True	Wtfuazrp
wtp	True	Wtp
www.yahoo.com	True	Www.yahoo.com
wwwarea	True	Wwwarea
X-Chat	False	
X-Chat Aqua	False	
x/	True	X/
X%3F In My Y%3F	False	
xChan Directory Dumper	True	XChan Directory Dumper
XiRCON	False	
xkcd	True	Xkcd
xLittle-Miss-Horrorx	True	XLittle-Miss-Horrorx
xtex	True	Xtex
xXAshBiohazardXx	True	XXAshBiohazardXx
Y%21Gallery	False	
Y%27all niggas	False	
yaoi	True	Yaoi
yiff	True	Yiff
yosemite sam	True	Yosemite sam
you	True	You
You don%27t have any friends	False	
You Fucking Bastard	False	
You Laugh%2C You Lose	False	
YOU%27RE A BIRD%21	False	
YOU%27RE DOING IT WRONG	False	
young men	True	Young men
Your resistance only makes my penis harder%21	False	
your user space/your article name	True	Your user space/your article name
YouTube Smackdown	False	
zb	True	Zb
zebra	True	Zebra
zeekill	True	Zeekill
zhzhblyad	True	Zhzhblyad
Zircon (chat client)	False	
zitellu	True	Zitellu
Клубняк	False	
Слоупок	False	
сосач	True	Сосач
