Source	exists	Target
Question mark	True	????
?????	True	????
???	True	????
✡	True	Jews
Kikes	True	Jews
ZOG	True	Jews
Probopass	True	Jews
Biggest problem on the planet	True	Jews
The jew cries out in pain as he strikes you	True	Jews
Yiddish	True	Jews
Soap	True	Jews
Gold nigger	True	Jews
Hooknose	True	Jews
Wormy kikes	True	Jews
Kike	True	Jews
Zionists	True	Jews
Expensive	True	Jews
Parasite	True	Jews
Debt	True	Jews
Zionist	True	Jews
Back-stabbers	True	Jews
Thieves	True	Jews
Joo	True	Jews
Jewish	True	Jews
Backstabber	True	Jews
Backstabbed	True	Jews
Leeches	True	Jews
Subhuman	True	Jews
Cheap	True	Jews
Joos	True	Jews
Jooz	True	Jews
JEW	True	Jews
Louis Theroux	True	Jews
Zionist Occupation Government	True	Jews
Hebe	True	Jews
Kyke	True	Jews
Kabbalah	True	Jews
Juden	True	Jews
Koch Brothers	True	Jews
Firewood	True	Jews
Judas	True	Jews
Jew	True	Jews
Enabler	True	Jews
DLC	True	Jews
Mel brooks	True	Jews
Luxembourg	True	Jews
Jewess	True	Jews
ADL	True	Jews
Jew-ish	True	Jews
Heeb	True	Jews
Jewry	True	Jews
Kikess	True	Jews
Anti-Defamation League	True	Jews
Goblinkike	True	Jews
Rich people	True	Jews
Judaism	True	Jews
Adam Sandler	True	Jews
JEWS	True	Jews
Semite	True	Jews
Niger	True	Nigger
Black person	True	Nigger
Chimp	True	Nigger
Mandingo	True	Nigger
King Kong	True	Nigger
Porch monkey	True	Nigger
Jay-z	True	Nigger
Coon	True	Nigger
♠	True	Nigger
Niggas	True	Nigger
Blackmail	True	Nigger
Dark	True	Nigger
Black People	True	Nigger
Spook	True	Nigger
Gorilla	True	Nigger
Niggers	True	Nigger
Negros	True	Nigger
NIGGER	True	Nigger
NIGGA	True	Nigger
Ape	True	Nigger
Roody-poo	True	Nigger
Nigs	True	Nigger
African American	True	Nigger
Negroid	True	Nigger
Donkey Kong	True	Nigger
Flavor Flav	True	Nigger
Black Person	True	Nigger
BET	True	Nigger
Blacks	True	Nigger
Black people	True	Nigger
☻	True	Nigger
Negroes	True	Nigger
Jamaica	True	Nigger
Crip	True	Nigger
Darkies	True	Nigger
Not Black people	True	Nigger
Flava Flav	True	Nigger
Negro	True	Nigger
Jay-Z	True	Nigger
Nigga	True	Nigger
Spooks	True	Nigger
Monkey	True	Nigger
African Americans	True	Nigger
Melmo	True	Nigger
Spade	True	Nigger
Nig-nog	True	Nigger
Poor people	True	Nigger
Monkeys	True	Nigger
African-American	True	Nigger
Criminal	True	Nigger
Gang member	True	Nigger
Colored boys	True	Nigger
Niggertry	True	Nigger
Jigaboo	True	Nigger
Chimpanzee	True	Nigger
Chimps	True	Nigger
Greenday	True	Fat Larry's Band
Iron Maiden	True	Fat Larry's Band
Black Flag	True	Fat Larry's Band
John Lennon	True	Fat Larry's Band
Jimi Hendrix	True	Fat Larry's Band
Disturbed (band)	True	Fat Larry's Band
Shitty bands	True	Fat Larry's Band
Blink 182	True	Fat Larry's Band
Daft Punk	True	Fat Larry's Band
Band	True	Fat Larry's Band
Paul McCartney	True	Fat Larry's Band
Green Day	True	Fat Larry's Band
Fallout Boy	True	Fat Larry's Band
Tenacious D	True	Fat Larry's Band
Descendants	True	Fat Larry's Band
Eazy-E	True	Fat Larry's Band
30 Seconds To Mars	True	Fat Larry's Band
Gorgoroth	True	Fat Larry's Band
Fall Out Boy	True	Fat Larry's Band
Twenty One Pilots	True	Fat Larry's Band
Pink Floyd	True	Fat Larry's Band
Trivium	True	Fat Larry's Band
Boy band	True	Fat Larry's Band
Billy Joel	True	Fat Larry's Band
Van Halen	True	Fat Larry's Band
Dragonforce	True	Fat Larry's Band
Guns 'N' Roses	True	Fat Larry's Band
Coldplay	True	Fat Larry's Band
Cannibal Corpse	True	Fat Larry's Band
Guns N' Roses	True	Fat Larry's Band
Muse	True	Fat Larry's Band
Led Zeppelin	True	Fat Larry's Band
Aerosmith	True	Fat Larry's Band
Aphex Twin	True	Fat Larry's Band
Limp Bizkit	True	Fat Larry's Band
Eric Clapton	True	Fat Larry's Band
U2	True	Fat Larry's Band
Bad Religion	True	Fat Larry's Band
Bang Camaro	True	Fat Larry's Band
Megadeth	True	Fat Larry's Band
DragonForce	True	Fat Larry's Band
Neon Hitch	True	Fat Larry's Band
Austaras	True	Fat Larry's Band
System of a Down	True	Fat Larry's Band
Frank Zappa	True	Fat Larry's Band
AC/DC	True	Fat Larry's Band
Avenged Sevenfold	True	Fat Larry's Band
Slayer (band)	True	Fat Larry's Band
Beatles	True	Fat Larry's Band
Dead Kennedys	True	Fat Larry's Band
Nine Inch Nails	True	Fat Larry's Band
Abnormal psych	True	Retard
Fool	True	Retard
O/	True	Retard
Retardation	True	Retard
Re-re	True	Retard
Full Retard	True	Retard
Cretin	True	Retard
Still a retard	True	Retard
Downs syndrome	True	Retard
Bimbo	True	Retard
Special Olympics	True	Retard
Mental retardation	True	Retard
Ignorance	True	Retard
Oblivious	True	Retard
'tard	True	Retard
Mongoloid	True	Retard
Tards	True	Retard
Special Ed	True	Retard
Fucktards	True	Retard
Intellectual insufficiency	True	Retard
Dumb ass	True	Retard
Blonde	True	Retard
Mental defective	True	Retard
Downie	True	Retard
Special school	True	Retard
Slow	True	Retard
Spastic	True	Retard
Dumbshit	True	Retard
Super retarded	True	Retard
Down's syndrome	True	Retard
Retards	True	Retard
Socially retarded	True	Retard
Downy	True	Retard
Downs	True	Retard
Simple	True	Retard
Blond	True	Retard
Enter Your Zip Code For a Free iPod Nano!	True	Retard
Mentally handicapped	True	Retard
Fucking stupid	True	Retard
Mentally retarded	True	Retard
Retarded	True	Retard
Down Syndrome	True	Retard
Fuckwit	True	Retard
RETARD	True	Retard
Down's Syndrome	True	Retard
Down syndrome	True	Retard
Intellectually disabled	True	Retard
Special	True	Retard
RETARDS	True	Retard
Mental insufficiency	True	Retard
Queers	True	Homosexuality
Fuck-buddy	True	Homosexuality
Happy	True	Homosexuality
Homosexual agenda	True	Homosexuality
Gheys	True	Homosexuality
Closet case	True	Homosexuality
Gayness	True	Homosexuality
Closeted	True	Homosexuality
Purple	True	Homosexuality
Bottom	True	Homosexuality
Gay pride	True	Homosexuality
Androgynous	True	Homosexuality
Gaydar	True	Homosexuality
The closet	True	Homosexuality
Buttbuddy	True	Homosexuality
Homophilia	True	Homosexuality
Fuckbuddies	True	Homosexuality
Sailor	True	Homosexuality
BIG MEATY COCKS	True	Homosexuality
Pansy	True	Homosexuality
LGBT	True	Homosexuality
Andy Dick	True	Homosexuality
Pig bottom	True	Homosexuality
Gay bar	True	Homosexuality
Queer	True	Homosexuality
Fuck buddy	True	Homosexuality
Sauna	True	Homosexuality
Village People	True	Homosexuality
Muddy dicks	True	Homosexuality
Homosexual	True	Homosexuality
GAY	True	Homosexuality
Top	True	Homosexuality
E-meter	True	Homosexuality
Homoerotic	True	Homosexuality
Closet	True	Homosexuality
Queer Nation	True	Homosexuality
Homo	True	Homosexuality
Gay	True	Homosexuality
Waylon Smithers	True	Homosexuality
In the closet	True	Homosexuality
Richard Simmons	True	Homosexuality
Homos	True	Homosexuality
Homosexuals	True	Homosexuality
Pride	True	Homosexuality
Fruit	True	Homosexuality
Gayfag	True	Homosexuality
Fuckbuddy	True	Homosexuality
Sexual orientation	True	Homosexuality
Butt buddy	True	Homosexuality
Willy	True	Cock
Tiny dick	True	Cock
Cockpix	True	Cock
Shaft	True	Cock
Prick	True	Cock
Cawk	True	Cock
Harbl	True	Cock
Micropenis	True	Cock
Wee wee	True	Cock
Bone	True	Cock
COCK	True	Cock
Hard	True	Cock
Penises	True	Cock
PENIS	True	Cock
Pecker	True	Cock
Pen0r	True	Cock
Boners	True	Cock
Monster cock	True	Cock
D	True	Cock
Shlong	True	Cock
Tiny penis	True	Cock
Boner	True	Cock
Phallus	True	Cock
Penii	True	Cock
Penis	True	Cock
Dicks	True	Cock
Cocks	True	Cock
Knob	True	Cock
DONGS	True	Cock
Sausage	True	Cock
Wang	True	Cock
Member	True	Cock
Shlongs	True	Cock
Erection	True	Cock
Also, cocks	True	Cock
Penor	True	Cock
Nanotechnology	True	Cock
Pubic	True	Cock
COCKS	True	Cock
Schlong	True	Cock
Choad	True	Cock
Genitals	True	Cock
Groupie	True	Whore
Manwhore	True	Whore
Silveritis	True	Whore
Creampie	True	Whore
Hottie	True	Whore
Slutty	True	Whore
Promiscuous	True	Whore
Thot	True	Whore
Loose vagina syndrome	True	Whore
Tarts	True	Whore
Brothel	True	Whore
Bint	True	Whore
Skanks	True	Whore
Nymphomaniac	True	Whore
Skank	True	Whore
Sluts	True	Whore
Whores	True	Whore
Basic	True	Whore
Sister	True	Whore
Crack whore	True	Whore
Cum dumpster	True	Whore
Cream pie	True	Whore
Vixen	True	Whore
Tart	True	Whore
Cum Dumpsters	True	Whore
WHORES	True	Whore
Anna nicole smith	True	Whore
Hoe	True	Whore
Megan Fox	True	Whore
Slut	True	Whore
Golddigger	True	Whore
Crystal Gail Mangum	True	Whore
Tramp	True	Whore
Cumdumpster	True	Whore
Cumdumpsters	True	Whore
Ho	True	Whore
Whorehouse	True	Whore
Homosex	True	Faggot
Faggots	True	Faggot
Fagola	True	Faggot
FGT	True	Faggot
Gaylord	True	Faggot
Fgt	True	Faggot
Ludwig Wittgenstein	True	Faggot
Pete Wentz	True	Faggot
Shy	True	Faggot
Homosexual Deviants	True	Faggot
Homosexual deviant	True	Faggot
Wimp	True	Faggot
Cocksuckers	True	Faggot
Fabulous	True	Faggot
Gays	True	Faggot
Fagot	True	Faggot
Faggoty	True	Faggot
Faggy	True	Faggot
Fancy	True	Faggot
Fgts	True	Faggot
Fgtz	True	Faggot
Faggot tree	True	Faggot
A faggot	True	Faggot
Fagget	True	Faggot
Barney Frank	True	Faggot
FAGGOT	True	Faggot
Sodomy	True	Faggot
Fags	True	Faggot
User talk:JoeCapricorn	True	Faggot
Sodomized	True	Faggot
Ass pirate	True	Faggot
FAG	True	Faggot
Lisp	True	Faggot
Faggotry	True	Faggot
Big fag	True	Faggot
E-death	True	Banned
Underage b&	True	Banned
Ban hammer	True	Banned
Underage ban	True	Banned
Underageb&	True	Banned
Banned IRL	True	Banned
Underage B&	True	Banned
Perma-ban	True	Banned
Bans	True	Banned
Banhammer	True	Banned
USER WAS BANNED FOR THIS POST	True	Banned
Banhammered	True	Banned
Bawwwlocked	True	Banned
Block	True	Banned
Permaban	True	Banned
Please unban	True	Banned
Permabanned IRL	True	Banned
Banstick	True	Banned
Banning	True	Banned
Permabanned	True	Banned
Permab&	True	Banned
Underage bans	True	Banned
Get banned faggot	True	Banned
Ban evasion	True	Banned
BANNED	True	Banned
Ban set meme	True	Banned
B&	True	Banned
Blocked	True	Banned
Ban set	True	Banned
Ban	True	Banned
Fired	True	Banned
Perma-banned	True	Banned
BANHAMMER	True	Banned
Ban set list	True	Banned
Furry lj drama	True	Furfag
Degenerate	True	Furfag
Belly rubs	True	Furfag
Yiff in hell	True	Furfag
Furry	True	Furfag
Fur-fags	True	Furfag
Furniggers	True	Furfag
Anthropomorphic	True	Furfag
Pelican Shit	True	Furfag
Furrys	True	Furfag
FURFAG	True	Furfag
The Angry Beavers	True	Furfag
Anthros	True	Furfag
Furfaggot	True	Furfag
Fur	True	Furfag
Furfags	True	Furfag
Furfaggotry	True	Furfag
Furry holocaust	True	Furfag
Furries	True	Furfag
FURRY	True	Furfag
Jakerz	True	Furfag
FURRIES	True	Furfag
CatDog	True	Furfag
FurFag	True	Furfag
Gorillasexual	True	Furfag
We Bare Bears	True	Furfag
Furtard	True	Furfag
Furry fandom	True	Furfag
Zoophile	True	Furfag
Furggotry	True	Furfag
Anthro	True	Furfag
Furfandom	True	Furfag
Furnigger	True	Furfag
Aspertard	True	Asperger's Syndrome
Assburgers syndrome	True	Asperger's Syndrome
Weirdo	True	Asperger's Syndrome
Weird	True	Asperger's Syndrome
Asspie	True	Asperger's Syndrome
Aspergers	True	Asperger's Syndrome
Ass pie	True	Asperger's Syndrome
Asperger	True	Asperger's Syndrome
Ass burger	True	Asperger's Syndrome
Assburgers	True	Asperger's Syndrome
Sperg	True	Asperger's Syndrome
Aspie	True	Asperger's Syndrome
Asperger's syndrome	True	Asperger's Syndrome
Autistic	True	Asperger's Syndrome
Ass Burgers	True	Asperger's Syndrome
Brat	True	Asperger's Syndrome
Autists	True	Asperger's Syndrome
Assburger Syndrome	True	Asperger's Syndrome
Aspergers Syndrome	True	Asperger's Syndrome
Asperger Syndrome	True	Asperger's Syndrome
Asperger syndrome	True	Asperger's Syndrome
Autist	True	Asperger's Syndrome
Autism	True	Asperger's Syndrome
BAWtism	True	Asperger's Syndrome
Asspies	True	Asperger's Syndrome
Asperger's	True	Asperger's Syndrome
Assburgers Syndrome	True	Asperger's Syndrome
Autismal	True	Asperger's Syndrome
Autistic Dumbfuck	True	Asperger's Syndrome
Aspies	True	Asperger's Syndrome
Assburger	True	Asperger's Syndrome
Surprise Sex	True	Rape
Rapetime	True	Rape
Gang rape	True	Rape
Surprise	True	Rape
Raping	True	Rape
Blacksex	True	Rape
Ræped	True	Rape
Rapist	True	Rape
Raped	True	Rape
Rapes	True	Rape
RapeX	True	Rape
Raep	True	Rape
Prison rape	True	Rape
RAPIST	True	Rape
Sleepover	True	Rape
Assault	True	Rape
Date rape	True	Rape
Sexual Abuse	True	Rape
No means yes	True	Rape
No means no	True	Rape
Surprise buttsecks	True	Rape
Rapists	True	Rape
Ræp	True	Rape
Drop the soap	True	Rape
Raeped	True	Rape
Hug	True	Rape
Surprise sex	True	Rape
RAPE	True	Rape
Ass rape	True	Rape
Surprise buttsex	True	Rape
Lust	True	Rape
Connecticut	True	Jewnited States of Americunts
Us	True	Jewnited States of Americunts
US	True	Jewnited States of Americunts
Babylon	True	Jewnited States of Americunts
U.S.A.	True	Jewnited States of Americunts
The Jewnited States of Americunts	True	Jewnited States of Americunts
United States of Americunts	True	Jewnited States of Americunts
Murka	True	Jewnited States of Americunts
Amerifat	True	Jewnited States of Americunts
The Jewnited States	True	Jewnited States of Americunts
The United States of Americunts	True	Jewnited States of Americunts
Montana	True	Jewnited States of Americunts
Amerika	True	Jewnited States of Americunts
America	True	Jewnited States of Americunts
Jewnited States	True	Jewnited States of Americunts
United States of America	True	Jewnited States of Americunts
United States	True	Jewnited States of Americunts
USA	True	Jewnited States of Americunts
The United States of Obamanation	True	Jewnited States of Americunts
The United States of America	True	Jewnited States of Americunts
South Carolina	True	Jewnited States of Americunts
Guam	True	Jewnited States of Americunts
Dumbfuckistan	True	Jewnited States of Americunts
The United States	True	Jewnited States of Americunts
The Great Satan	True	Jewnited States of Americunts
North Carolina	True	Jewnited States of Americunts
Jimmy Carter	True	Jewnited States of Americunts
U.S.	True	Jewnited States of Americunts
Amerikkka	True	Jewnited States of Americunts
Murika	True	Jewnited States of Americunts
Stroke	True	Fap
Masterbate	True	Fap
Masterbation	True	Fap
Playboy	True	Fap
Jollies	True	Fap
Wanking	True	Fap
J/o	True	Fap
Fappably	True	Fap
Fappable	True	Fap
Vibrator	True	Fap
Busy	True	Fap
Fapfapfap	True	Fap
Masturbation	True	Fap
Fap fap fap	True	Fap
Enjoy	True	Fap
Wankers	True	Fap
Faps	True	Fap
Jack off	True	Fap
FAP FAP FAP	True	Fap
Jacking off	True	Fap
Wet dream	True	Fap
Wanker	True	Fap
Schlick	True	Fap
Masturbated	True	Fap
Masturbate	True	Fap
Masturbating	True	Fap
FAP	True	Fap
Fapping	True	Fap
Fapped	True	Fap
No one gives a shit	True	Shit no one cares about
Nobody Cares	True	Shit no one cares about
SNCA	True	Shit no one cares about
Kiwi Troll	True	Shit no one cares about
Nobody cares	True	Shit no one cares about
Shit noone cares about	True	Shit no one cares about
Who gives a fuck	True	Shit no one cares about
Shit no one cares	True	Shit no one cares about
Give a shit	True	Shit no one cares about
Female ejaculation	True	Shit no one cares about
Female orgasm	True	Shit no one cares about
Shit Nobody Cares About	True	Shit no one cares about
Bokuchan	True	Shit no one cares about
Irrelevant	True	Shit no one cares about
Nebraska	True	Shit no one cares about
Noone cares	True	Shit no one cares about
True story	True	Shit no one cares about
Shit nobody cares about	True	Shit no one cares about
Antarctica	True	Shit no one cares about
No one cares	True	Shit no one cares about
Nobody gives a fuck	True	Shit no one cares about
Nobody gives a shit	True	Shit no one cares about
BokuChan	True	Shit no one cares about
Alex Dorame	True	Shit no one cares about
Dreams	True	Shit no one cares about
Nobody Fucking Cares	True	Shit no one cares about
Snca	True	Shit no one cares about
Shit that no one cares about	True	Shit no one cares about
Shit that nobody cares about	True	Shit no one cares about
Beautiful disaster	True	Fat
Fat fuck	True	Fat
Wannarexics	True	Fat
Morbidly obese	True	Fat
Beautiful	True	Fat
Elephant	True	Fat
Lard	True	Fat
Secret fatty	True	Fat
SIF	True	Fat
Slob	True	Fat
Overweight	True	Fat
Fat people	True	Fat
Obese	True	Fat
Attractive	True	Fat
Fatty	True	Fat
Obesity	True	Fat
Huge	True	Fat
Fatass	True	Fat
Sif	True	Fat
Hambeast	True	Fat
Chubby	True	Fat
FAT	True	Fat
Fat-fuck	True	Fat
Hottentot Venus	True	Fat
Voluptuous	True	Fat
Like you	True	Fat
Fatties	True	Fat
Titanic	True	Fat
Series of tubes	True	Internets
Internetz	True	Internets
Interwebz	True	Internets
The Internets	True	Internets
Intarwebs	True	Internets
Sites	True	Internets
WWW	True	Internets
INTERNETS	True	Internets
Interbutts	True	Internets
Net	True	Internets
New media	True	Internets
The internet	True	Internets
Web	True	Internets
The Internet	True	Internets
Netizen	True	Internets
Online	True	Internets
Internet	True	Internets
Real life video game	True	Internets
Tubes	True	Internets
Interweb	True	Internets
The internets	True	Internets
Network	True	Internets
Teh internets	True	Internets
Intertubes	True	Internets
Series of Tubes	True	Internets
INTERNET	True	Internets
Internet phenomenon	True	Internets
Pædophilia	True	Pedophilia
Paedophile	True	Pedophilia
Grooming	True	Pedophilia
Finkelstein	True	Pedophilia
InfantFucker	True	Pedophilia
Sex offender	True	Pedophilia
Priests	True	Pedophilia
Paedophilia	True	Pedophilia
Pedos	True	Pedophilia
Oliver D. Smith Brothers	True	Pedophilia
Pedofags	True	Pedophilia
Pedostache	True	Pedophilia
Pedophiles	True	Pedophilia
Baby rape	True	Pedophilia
Mustache	True	Pedophilia
Kiddydiddler	True	Pedophilia
Dennis Ferguson	True	Pedophilia
Child molester	True	Pedophilia
Underage	True	Pedophilia
Pedofag	True	Pedophilia
Pedophile	True	Pedophilia
Rotherham	True	Pedophilia
Child Molester	True	Pedophilia
Ephebophilia	True	Pedophilia
Priest	True	Pedophilia
Child Molesters	True	Pedophilia
Ephebophile	True	Pedophilia
Deep throat	True	Fellatio
Blow job	True	Fellatio
Head	True	Fellatio
Deepthroat	True	Fellatio
Patriot	True	Fellatio
Fellate	True	Fellatio
Blowjob	True	Fellatio
Blowjobs	True	Fellatio
Swallowing	True	Fellatio
Whore mouth	True	Fellatio
Oral sex	True	Fellatio
Cocksucking Rampage	True	Fellatio
Mouth	True	Fellatio
Oral Sex	True	Fellatio
Foreplay	True	Fellatio
Cock Sucking	True	Fellatio
Sucker	True	Fellatio
Chookling	True	Fellatio
Lewinsky	True	Fellatio
Lick	True	Fellatio
3rd base	True	Fellatio
BJ	True	Fellatio
Suck cock	True	Fellatio
Cocksucking rampage	True	Fellatio
Cocksucking	True	Fellatio
Blow jays	True	Fellatio
Serious	True	The Internet is serious business
Srs bsnss	True	The Internet is serious business
THE INTERNET IS SERIOUS BUSINESS	True	The Internet is serious business
Srs Bsns	True	The Internet is serious business
Sfb	True	The Internet is serious business
SERIOUS BUISNESS	True	The Internet is serious business
The Internet Is Serious Business	True	The Internet is serious business
Srys	True	The Internet is serious business
Taking the Internet Seriously	True	The Internet is serious business
The internet is serious business	True	The Internet is serious business
SFB	True	The Internet is serious business
Serious Fucking Business	True	The Internet is serious business
SERIOUS BUSINESS	True	The Internet is serious business
Business	True	The Internet is serious business
SRS BSNS	True	The Internet is serious business
Internet is serious business	True	The Internet is serious business
Serious buisness	True	The Internet is serious business
Srs	True	The Internet is serious business
Serious Business	True	The Internet is serious business
Internet is Serious Business	True	The Internet is serious business
Serious fucking business	True	The Internet is serious business
SERIOUS FUCKING BUSINESS	True	The Internet is serious business
The Internet is Serious Business	True	The Internet is serious business
Serious business	True	The Internet is serious business
Srs bzns	True	The Internet is serious business
Srs bsns	True	The Internet is serious business
Sex tape	True	Pr0n
Photography	True	Pr0n
Xxx	True	Pr0n
Porn	True	Pr0n
XXX	True	Pr0n
P3rn	True	Pr0n
Porn star	True	Pr0n
Nudity	True	Pr0n
Gay porn	True	Pr0n
Homoerotica	True	Pr0n
Pornstar	True	Pr0n
Pornography	True	Pr0n
Porno	True	Pr0n
N00ds	True	Pr0n
Pornographic	True	Pr0n
P0rn	True	Pr0n
Nudes	True	Pr0n
Pron	True	Pr0n
Adult	True	Pr0n
Brazzers	True	Pr0n
Noodz	True	Pr0n
Noods	True	Pr0n
Pr0ns	True	Pr0n
Pr0nz	True	Pr0n
Nude	True	Pr0n
Unwarranted self-importance	True	Unwarranted Self-Importance
Self-entitled	True	Unwarranted Self-Importance
Self Proclaimed	True	Unwarranted Self-Importance
Rob Zombie	True	Unwarranted Self-Importance
Mindless self indulgence	True	Unwarranted Self-Importance
Rosemary-T	True	Unwarranted Self-Importance
Usi	True	Unwarranted Self-Importance
Pretentious	True	Unwarranted Self-Importance
Vanity Crap	True	Unwarranted Self-Importance
USI	True	Unwarranted Self-Importance
Elitists	True	Unwarranted Self-Importance
Unwarranted Self Importance	True	Unwarranted Self-Importance
Unwaranted Self Importance	True	Unwarranted Self-Importance
Vanity	True	Unwarranted Self-Importance
Elitism	True	Unwarranted Self-Importance
Elitist	True	Unwarranted Self-Importance
Important	True	Unwarranted Self-Importance
Unwarrented self importance	True	Unwarranted Self-Importance
Arrogant	True	Unwarranted Self-Importance
Pretentiousness	True	Unwarranted Self-Importance
Self-important	True	Unwarranted Self-Importance
Unique Little Snowflake	True	Unwarranted Self-Importance
Unwarranted self importance	True	Unwarranted Self-Importance
Dunning-Kruger Effect	True	Unwarranted Self-Importance
Elite	True	Unwarranted Self-Importance
White devils	True	White Devils
Aryan	True	White Devils
White people	True	White Devils
Anglosphere	True	White Devils
White person	True	White Devils
Honky	True	White Devils
Whitey	True	White Devils
White People: THE GREATEST PEOPLE IN THE PLANET	True	White Devils
White men can't jump	True	White Devils
The white man	True	White Devils
Master race	True	White Devils
Caucasoid	True	White Devils
White Society	True	White Devils
Gringos	True	White Devils
White man	True	White Devils
White devil	True	White Devils
Maggot	True	White Devils
White Man	True	White Devils
Honkie	True	White Devils
White	True	White Devils
Caucasian	True	White Devils
White People	True	White Devils
Ice niggers	True	White Devils
White males	True	White Devils
Whites	True	White Devils
13 year old boys	True	13-year-old boy
Boy	True	13-year-old boy
16-year-old boy	True	13-year-old boy
12-year-old boys	True	13-year-old boy
13 year old boy	True	13-year-old boy
13 year-old boy	True	13-year-old boy
13-year old boys	True	13-year-old boy
Boys	True	13-year-old boy
13 year old	True	13-year-old boy
The Barney Bunch	True	13-year-old boy
12 year old boy	True	13-year-old boy
13 year olds	True	13-year-old boy
13-year-old	True	13-year-old boy
13	True	13-year-old boy
Barney Bunch	True	13-year-old boy
13 year old kid	True	13-year-old boy
13-year-old-boys	True	13-year-old boy
13-year old boy	True	13-year-old boy
16 Year old boys	True	13-year-old boy
13-year-old boys	True	13-year-old boy
Thirteen-year-old boy	True	13-year-old boy
Thirteen year old boy	True	13-year-old boy
UnderageB&	True	13-year-old boy
Butt secks	True	Buttsecks
Buttfucked	True	Buttsecks
Anal	True	Buttsecks
Sodomize	True	Buttsecks
Romantic	True	Buttsecks
Gay sex	True	Buttsecks
In the pooper	True	Buttsecks
Buttfucking	True	Buttsecks
Sodomite	True	Buttsecks
Pedantic	True	Buttsecks
Romance	True	Buttsecks
Oral argument	True	Buttsecks
Assrape	True	Buttsecks
Buttsex	True	Buttsecks
Spider enthusiast	True	Buttsecks
Buttbuddies	True	Buttsecks
Buttsechs	True	Buttsecks
Buttrape	True	Buttsecks
Lube	True	Buttsecks
Anal sex	True	Buttsecks
Sodomizing	True	Buttsecks
Anal Sex	True	Buttsecks
Buttfuck	True	Buttsecks
Thetan	True	Scientology
Church of $cientology	True	Scientology
Battlefield Earth	True	Scientology
Lisa McPherson	True	Scientology
$cientologist	True	Scientology
David Miscavage	True	Scientology
Scifags	True	Scientology
Operation Snow White	True	Scientology
COS	True	Scientology
CO$	True	Scientology
Scientologist	True	Scientology
Church of Scientology	True	Scientology
Co$	True	Scientology
CoS	True	Scientology
Scilons	True	Scientology
Scilon	True	Scientology
Cult of Scientology	True	Scientology
$cientology	True	Scientology
Scifag	True	Scientology
Failboat	True	Scientology
Xenu story	True	Scientology
Scientologists	True	Scientology
Ignorant	True	Scientology
Imminent Failure	True	Fail
Failing at life	True	Fail
Failing	True	Fail
Fails	True	Fail
Failed	True	Fail
Fail solution	True	Fail
Fail at life	True	Fail
You fail it	True	Fail
FAILS	True	Fail
EPIC FAIL	True	Fail
You suck	True	Fail
Failure	True	Fail
Epic Fail	True	Fail
Fail it	True	Fail
Failed it	True	Fail
Phail	True	Fail
Epic fail	True	Fail
Melbourne fail guy	True	Fail
Failtards	True	Fail
FAIL	True	Fail
Failures	True	Fail
Lesbians	True	Lesbian
Daddy's Money Lesbian	True	Lesbian
Tomboy	True	Lesbian
Bulldyke	True	Lesbian
Daddy's money lesbian	True	Lesbian
Lesbo	True	Lesbian
Bitchdyke	True	Lesbian
Dike	True	Lesbian
Lesbain	True	Lesbian
Lesbos	True	Lesbian
Liberal arts student	True	Lesbian
Bull-dyke	True	Lesbian
Fat dyke	True	Lesbian
Dikes	True	Lesbian
Butch	True	Lesbian
Lesbianism	True	Lesbian
Janet Reno	True	Lesbian
Carpet-muncher	True	Lesbian
Dykes	True	Lesbian
Dyke	True	Lesbian
Bulldykes	True	Lesbian
Cooter	True	Vagoo
Box	True	Vagoo
Vagina	True	Vagoo
Pussymeat	True	Vagoo
Pink	True	Vagoo
Cunt	True	Vagoo
Snatch	True	Vagoo
Stephen Conroy	True	Vagoo
Labia	True	Vagoo
Pu55y	True	Vagoo
Vag	True	Vagoo
Ears	True	Vagoo
Cunts	True	Vagoo
Beef curtains	True	Vagoo
Vajayjay	True	Vagoo
Clit	True	Vagoo
Scum	True	Vagoo
Poon	True	Vagoo
Poontang	True	Vagoo
Vaginas	True	Vagoo
Twat	True	Vagoo
HAHA DISREGARD THAT I SUCK COCKS	True	HAHAHA DISREGARD THAT, I SUCK COCKS
Backpedal	True	HAHAHA DISREGARD THAT, I SUCK COCKS
DTISC	True	HAHAHA DISREGARD THAT, I SUCK COCKS
Disregard	True	HAHAHA DISREGARD THAT, I SUCK COCKS
Disregard That	True	HAHAHA DISREGARD THAT, I SUCK COCKS
Trust	True	HAHAHA DISREGARD THAT, I SUCK COCKS
DISREGARD THAT I SUCK COCKS	True	HAHAHA DISREGARD THAT, I SUCK COCKS
DISREGARD	True	HAHAHA DISREGARD THAT, I SUCK COCKS
Disregard that	True	HAHAHA DISREGARD THAT, I SUCK COCKS
HAHAHA DISREGARD THAT, I SUCK COCKS.	True	HAHAHA DISREGARD THAT, I SUCK COCKS
Disregard that, I suck cocks	True	HAHAHA DISREGARD THAT, I SUCK COCKS
Hahaha disregard that, I suck cocks	True	HAHAHA DISREGARD THAT, I SUCK COCKS
HAHAHA DISREGARD THAT I SUCK COCKS	True	HAHAHA DISREGARD THAT, I SUCK COCKS
180	True	HAHAHA DISREGARD THAT, I SUCK COCKS
I suck cocks	True	HAHAHA DISREGARD THAT, I SUCK COCKS
Disregard that I suck cocks	True	HAHAHA DISREGARD THAT, I SUCK COCKS
DISREGARD THAT	True	HAHAHA DISREGARD THAT, I SUCK COCKS
DISREGARD THAT, I SUCK COCKS	True	HAHAHA DISREGARD THAT, I SUCK COCKS
HAHAHA	True	HAHAHA DISREGARD THAT, I SUCK COCKS
Footbullet	True	HAHAHA DISREGARD THAT, I SUCK COCKS
How To Join ISIS	True	Party Van
Feds	True	Party Van
Brb, jail	True	Party Van
Party Horse	True	Party Van
Fed	True	Party Van
V&	True	Party Van
Party van	True	Party Van
The Party Van	True	Party Van
Brb, fbi	True	Party Van
Vanned	True	Party Van
Party V&	True	Party Van
Brb, FBI	True	Party Van
IRL B&	True	Party Van
Party v&	True	Party Van
IRL ban	True	Party Van
FBI	True	Party Van
Join ISIS	True	Party Van
Arrested	True	Party Van
Fbi	True	Party Van
Partyv&	True	Party Van
Pwn3d	True	Pwnt
Burn	True	Pwnt
Pwner	True	Pwnt
Pwned	True	Pwnt
PWNED	True	Pwnt
Owns	True	Pwnt
Own3d	True	Pwnt
Pwnage	True	Pwnt
Own	True	Pwnt
Pwn	True	Pwnt
Decapitation	True	Pwnt
PWN	True	Pwnt
Pwns	True	Pwnt
Pwnd	True	Pwnt
Owned	True	Pwnt
Defeat	True	Pwnt
PWNAGE	True	Pwnt
Ownage	True	Pwnt
PWND	True	Pwnt
Pwning	True	Pwnt
About 100	True	At least 100
At least 100 percent	True	At least 100
At least one hundred years ago	True	At least 100
Under 9000	True	At least 100
1:00	True	At least 100
Atleast 100	True	At least 100
At least 100 years	True	At least 100
Many	True	At least 100
Thousands of years	True	At least 100
Over 100 years ago	True	At least 100
100 years ago	True	At least 100
At least 100%	True	At least 100
At Least 100	True	At least 100
Less than 100	True	At least 100
100	True	At least 100
At least a hundred	True	At least 100
Back in the day	True	At least 100
For at least 100 years	True	At least 100
At least 100 years ago	True	At least 100
Divide By Zero	True	Divide by zero
Paradox	True	Divide by zero
0	True	Divide by zero
Oh shi-	True	Divide by zero
Oh shit	True	Divide by zero
Dividing by zero	True	Divide by zero
Divide by 0	True	Divide by zero
Dividing Zero	True	Divide by zero
Zero Division	True	Divide by zero
OH SHIT	True	Divide by zero
OH SHI-	True	Divide by zero
Divided by zero	True	Divide by zero
Oh sh-	True	Divide by zero
Impossible	True	Divide by zero
Division by zero	True	Divide by zero
Zero	True	Divide by zero
Dividing by 0	True	Divide by zero
Divide by Zero	True	Divide by zero
OSHII--	True	Divide by zero
Hax	True	Hacker
Hacked	True	Hacker
Hacks	True	Hacker
OMG H4X	True	Hacker
H4x0r	True	Hacker
H4x	True	Hacker
H1j4x	True	Hacker
Hackers	True	Hacker
HaX0rZ	True	Hacker
Haxxor	True	Hacker
HAX	True	Hacker
H4xx0r	True	Hacker
Haxorz	True	Hacker
H4X0r	True	Hacker
Hax0rz	True	Hacker
Hack	True	Hacker
HAXED	True	Hacker
Haxor	True	Hacker
Hax0r	True	Hacker
Celebration	True	Lulz
Lulziest	True	Lulz
Lulzworthy	True	Lulz
Lul	True	Lulz
EPIC LULZ	True	Lulz
LULZ	True	Lulz
LULs	True	Lulz
Luls	True	Lulz
Shenanigans	True	Lulz
Lulzy	True	Lulz
Lols	True	Lulz
Lolz	True	Lulz
Epic lulz	True	Lulz
The lulz	True	Lulz
Totalulz	True	Lulz
Lulziness	True	Lulz
LOLZ	True	Lulz
Comedy	True	Lulz
The Lulz	True	Lulz
Sand Niggers	True	Sand niggers
Tajikistan	True	Sand niggers
Sandnigger	True	Sand niggers
Towelhead	True	Sand niggers
Sand nigger	True	Sand niggers
Arabs	True	Sand niggers
Suicide Bomber	True	Sand niggers
Sandniggers	True	Sand niggers
Brown people	True	Sand niggers
Dune coons	True	Sand niggers
Sand Nigger	True	Sand niggers
Raghead	True	Sand niggers
Dune coon	True	Sand niggers
Durka durka	True	Sand niggers
Peaceniks	True	Sand niggers
Arabic	True	Sand niggers
Durka durkas	True	Sand niggers
Arab	True	Sand niggers
Sand people	True	Sand niggers
16-year-old girls	True	16-year-old girl
16-year-old-girl	True	16-year-old girl
16-year-old	True	16-year-old girl
16 year old girl	True	16-year-old girl
16 Year Old Girl	True	16-year-old girl
Sixteen year old	True	16-year-old girl
Chick	True	16-year-old girl
Sixteen year old girl	True	16-year-old girl
16 year-old girls	True	16-year-old girl
16-year old girl	True	16-year-old girl
16 Year Old Girls	True	16-year-old girl
Sixteen-year-old girl	True	16-year-old girl
16-Year-old girl	True	16-year-old girl
16 year old girls	True	16-year-old girl
16 year old	True	16-year-old girl
16	True	16-year-old girl
16-year old girls	True	16-year-old girl
16 year-old girl	True	16-year-old girl
Baptist	True	Christian
Convert	True	Christian
Christfag	True	Christian
Evangelical	True	Christian
Christards	True	Christian
Gentiles	True	Christian
Christfags	True	Christian
Defector	True	Christian
Preacher	True	Christian
Teens-4-christ	True	Christian
Jesusfag	True	Christian
Goy	True	Christian
Xtian	True	Christian
Not a Jew	True	Christian
Christianity	True	Christian
Christfaggotry	True	Christian
Goyim	True	Christian
Christians	True	Christian
Defecation	True	Crap
Shat	True	Crap
Pooping	True	Crap
Shizzle	True	Crap
Bono	True	Crap
Scat	True	Crap
Poo	True	Crap
Shitty	True	Crap
Korn	True	Crap
Craptacular	True	Crap
KoRn	True	Crap
Dirty Sanchez	True	Crap
Crappy	True	Crap
Scat porn	True	Crap
Turd	True	Crap
Poop	True	Crap
Maxamundi	True	Crap
Turds	True	Crap
Facts	True	Fact
FO REALZ	True	Fact
Learnings	True	Fact
Truth	True	Fact
Factual inaccuracy	True	Fact
FACT	True	Fact
Clearly	True	Fact
True	True	Fact
Factual	True	Fact
Myth	True	Fact
Correct	True	Fact
Learning	True	Fact
Sad But True	True	Fact
Gossip	True	Fact
Knowledge	True	Fact
Correctly	True	Fact
Probably	True	Fact
Actually	True	Fact
24.7 Clan	True	People Article
Luigirules33	True	People Article
Logan Sperman	True	People Article
Badlydrawnjeff	True	People Article
Josh Bedn	True	People Article
Jan Martin	True	People Article
Internet Nobody	True	People Article
Theoneandonlysarj	True	People Article
Reh Dogg	True	People Article
People article	True	People Article
Mike Skehan	True	People Article
Person article	True	People Article
Corinna Fugate	True	People Article
Attack Article	True	People Article
HelenBaby	True	People Article
Internet nobodies	True	People Article
Hhhippo	True	People Article
Nickolaus Birdy	True	People Article
Phuck	True	Secks
Bang	True	Secks
Seks	True	Secks
Sex	True	Secks
Fucking	True	Secks
Mate	True	Secks
Sexual intercourse	True	Secks
Fucks	True	Secks
FUCKING	True	Secks
Sexuality	True	Secks
Sexual	True	Secks
Get laid	True	Secks
Fuck	True	Secks
Mating	True	Secks
Laid	True	Secks
Erotic	True	Secks
Sechs	True	Secks
Fucked	True	Secks
Cockpuppets	True	Sock puppet
Puppets	True	Sock puppet
Sock Puppet	True	Sock puppet
Cockpuppet	True	Sock puppet
Sock journals	True	Sock puppet
Puppet	True	Sock puppet
Sockpuppets	True	Sock puppet
Sockpuppeteer	True	Sock puppet
How to Sock	True	Sock puppet
How to sock	True	Sock puppet
Sock Puppets	True	Sock puppet
Sock-puppet	True	Sock puppet
Sock journal	True	Sock puppet
Socks	True	Sock puppet
Sock puppets	True	Sock puppet
Sockpuppetry	True	Sock puppet
Sockpuppet	True	Sock puppet
Sock	True	Sock puppet
Newfags	True	The Cancer That Is Killing /b/
The cancer that is killing /b/	True	The Cancer That Is Killing /b/
The infestation that is lowering m00t's property value	True	The Cancer That Is Killing /b/
Newfriend	True	The Cancer That Is Killing /b/
Summerfag	True	The Cancer That Is Killing /b/
The cancer	True	The Cancer That Is Killing /b/
Newfaggotry	True	The Cancer That Is Killing /b/
AND NOTHING OF VALUE WAS LOST	True	The Cancer That Is Killing /b/
The Cancer	True	The Cancer That Is Killing /b/
Oldfags	True	The Cancer That Is Killing /b/
Cancer killing /b/	True	The Cancer That Is Killing /b/
Silly sausage	True	The Cancer That Is Killing /b/
Cancer thread	True	The Cancer That Is Killing /b/
The cancer that is killing b	True	The Cancer That Is Killing /b/
Summerfags	True	The Cancer That Is Killing /b/
Newfaggots	True	The Cancer That Is Killing /b/
Nothing of value	True	The Cancer That Is Killing /b/
Cancer that is killing /b/	True	The Cancer That Is Killing /b/
Blade	True	Emo
EMO	True	Emo
Emo kids	True	Emo
Case sensitive	True	Emo
Awkward	True	Emo
Emofags	True	Emo
Emos	True	Emo
Simple Plan	True	Emo
Emofag	True	Emo
Blues	True	Emo
Hopeless	True	Emo
Good Charlotte	True	Emo
Anti-Emo Federation	True	Emo
Yirimyah	True	Emo
Emotional	True	Emo
Sad	True	Emo
Evanescene	True	Emo
Encyclopedia Dramatica	True	Encyclopædia Dramatica
Ae	True	Encyclopædia Dramatica
EnDr	True	Encyclopædia Dramatica
Encyclopedia Dramatica (Website)	True	Encyclopædia Dramatica
EncyclopediaDramatica	True	Encyclopædia Dramatica
Good	True	Encyclopædia Dramatica
Encyclopedia dramatica	True	Encyclopædia Dramatica
EncycIopedia Dramatica	True	Encyclopædia Dramatica
Dramatica	True	Encyclopædia Dramatica
Æ	True	Encyclopædia Dramatica
Encyclopaedia Dramatica	True	Encyclopædia Dramatica
Superior	True	Encyclopædia Dramatica
ED:History	True	Encyclopædia Dramatica
This website	True	Encyclopædia Dramatica
Encyclopediadramatica	True	Encyclopædia Dramatica
Ed	True	Encyclopædia Dramatica
Encyclopediadramatica.com	True	Encyclopædia Dramatica
Complains	True	Incontinent Student Bodies
BAWWWWWW	True	Incontinent Student Bodies
BAWW	True	Incontinent Student Bodies
Bawfags	True	Incontinent Student Bodies
Bawwwwww	True	Incontinent Student Bodies
Bawwwww	True	Incontinent Student Bodies
Baww	True	Incontinent Student Bodies
BAWWING	True	Incontinent Student Bodies
BAWWWWW	True	Incontinent Student Bodies
BAW	True	Incontinent Student Bodies
Bawww	True	Incontinent Student Bodies
BAWWWW	True	Incontinent Student Bodies
BAWfags	True	Incontinent Student Bodies
BAWWW	True	Incontinent Student Bodies
Baw	True	Incontinent Student Bodies
Bawwwwwwwww	True	Incontinent Student Bodies
Bawfag	True	Incontinent Student Bodies
LIE	True	Liar
Honest	True	Liar
Faking it	True	Liar
Ponzi	True	Liar
Scam	True	Liar
Yeah right	True	Liar
Scarred for life	True	Liar
Lol jk	True	Liar
LIES	True	Liar
Lied	True	Liar
Lies	True	Liar
Lying	True	Liar
Dave Espino	True	Liar
Scams	True	Liar
Pyramid Scheme	True	Liar
Lie	True	Liar
Liars	True	Liar
OVER 9000	True	Over 9000
IT'S OVER NINE THOUSAND	True	Over 9000
Power level	True	Over 9000
Less than 9000	True	Over 9000
Nine thousand	True	Over 9000
Over 9,000	True	Over 9000
9,000	True	Over 9000
9,001	True	Over 9000
9001	True	Over 9000
9000	True	Over 9000
Over nine thousand	True	Over 9000
Over9000	True	Over 9000
IT'S OVER 9000	True	Over 9000
Shitloads	True	Over 9000
Over 9000 years	True	Over 9000
IT'S OVER NINE THOUSAND!	True	Over 9000
OVER 9,000	True	Over 9000
Frustration	True	RAGE
FFFFFFFFFFFFFFFFFFFFFFFUUUUUUUUUUUUUUUUUUUUUU-	True	RAGE
Tard rage	True	RAGE
Rage face	True	RAGE
Raging	True	RAGE
FFFUUU	True	RAGE
Outrage	True	RAGE
FUCK	True	RAGE
Raeg	True	RAGE
Better than expected	True	RAGE
Ffruustration	True	RAGE
Rages	True	RAGE
RAEG	True	RAGE
Rage	True	RAGE
Ræg	True	RAGE
Raged	True	RAGE
FFFFFFFFF	True	RAGE
TITS	True	Tits
Sloppy tits	True	Tits
Bra	True	Tits
Big fat titties	True	Tits
Breasts	True	Tits
Rack	True	Tits
Boobs	True	Tits
Always relevant	True	Tits
Titty	True	Tits
Kate Upton	True	Tits
Titties	True	Tits
Boob	True	Tits
Knockers	True	Tits
Breast	True	Tits
Hooters	True	Tits
Tit	True	Tits
Boobies	True	Tits
Eric David Harris	True	Columbine
Brooks Brown	True	Columbine
Dylan Klebold	True	Columbine
KMFDM	True	Columbine
Eric Harris and Dylan Klebold	True	Columbine
Eric Harris	True	Columbine
Revenge of the Nerds	True	Columbine
Dylan Klebold and Eric Harris	True	Columbine
Rammstein	True	Columbine
Natural selection	True	Columbine
Trench coat	True	Columbine
Trenchcoat Mafia	True	Columbine
Columbine killers	True	Columbine
Marilyn Manson	True	Columbine
Eric and Dylan	True	Columbine
Trenchcoat	True	Columbine
Horror	True	Goatse
Hello.jpg	True	Goatse
Goat	True	Goatse
Butthole	True	Goatse
Cornhole	True	Goatse
Gotye	True	Goatse
Cloaca	True	Goatse
Rectum	True	Goatse
Shithole	True	Goatse
Anus	True	Goatse
"black hole"	True	Goatse
Bunghole	True	Goatse
Goatse.cx	True	Goatse
Asshole	True	Goatse
GOATSE	True	Goatse
Kirk Johnson	True	Goatse
Manifest Destiny	True	Injuns
Feather	True	Injuns
Prairie niggers	True	Injuns
Native American	True	Injuns
American Indian	True	Injuns
Navajo	True	Injuns
Redskin	True	Injuns
Injun	True	Injuns
Native american	True	Injuns
Native Americans	True	Injuns
Red Indian	True	Injuns
Red Indians	True	Injuns
Squaw	True	Injuns
American Indians	True	Injuns
Cherokee	True	Injuns
Timber niggers	True	Injuns
Pussy pass	True	Wimmins
Woman	True	Wimmins
Female	True	Wimmins
Feminine	True	Wimmins
Sexist	True	Wimmins
Gurl	True	Wimmins
Females	True	Wimmins
Girls	True	Wimmins
Women	True	Wimmins
Tits and ass	True	Wimmins
Wimmin	True	Wimmins
Ladies	True	Wimmins
Wimminz	True	Wimmins
Wimmenz	True	Wimmins
Womyn	True	Wimmins
Chicks	True	Wimmins
Youtube nobodies	True	Youtube Nobodies
KassemG	True	Youtube Nobodies
YouTube nobody	True	Youtube Nobodies
Cloud8745	True	Youtube Nobodies
Bigal2k6	True	Youtube Nobodies
Youtube nobody	True	Youtube Nobodies
Gaydiamond	True	Youtube Nobodies
Gay Diamond	True	Youtube Nobodies
YouTube nobodies	True	Youtube Nobodies
Channelreviews	True	Youtube Nobodies
YouTuber	True	Youtube Nobodies
RacerXWTFS	True	Youtube Nobodies
ChannelReviews	True	Youtube Nobodies
YouTube Nobody	True	Youtube Nobodies
YouTube Nobodies	True	Youtube Nobodies
GayDiamond	True	Youtube Nobodies
Capslock	True	ALL CAPS
All caps	True	ALL CAPS
Shoutout	True	ALL CAPS
All Caps	True	ALL CAPS
Caps Lock	True	ALL CAPS
CAPSLOVE	True	ALL CAPS
UNLEASH THE FUCKING FURY	True	ALL CAPS
CAPS LOCK	True	ALL CAPS
ALLCAPS	True	ALL CAPS
CAPSLOCK	True	ALL CAPS
CAPS	True	ALL CAPS
Cruise control	True	ALL CAPS
CAPS LOCK IS CRUISE CONTROL FOR COOL	True	ALL CAPS
Caps lock	True	ALL CAPS
Shift key	True	ALL CAPS
Heroes	True	An hero
Shotgun	True	An hero
AnHero	True	An hero
AN HERO	True	An hero
An Heroes	True	An hero
Shotgun Mouthwash	True	An hero
An hero day	True	An hero
How to become an hero	True	An hero
Frank Grimes	True	An hero
Hara kiri	True	An hero
An Hero Day	True	An hero
An heroes	True	An hero
An Hero	True	An hero
Anhero	True	An hero
An heroism	True	An hero
Basement-dwellers	True	Basement-dweller
Programmer	True	Basement-dweller
Basement dwelling	True	Basement-dweller
Basement Dweller	True	Basement-dweller
Hikikomori	True	Basement-dweller
Parents' basement	True	Basement-dweller
Cellar-dweller	True	Basement-dweller
Mew2King	True	Basement-dweller
Basement Dwellers	True	Basement-dweller
NEET	True	Basement-dweller
Basement dweller	True	Basement-dweller
Neets	True	Basement-dweller
Basement dwellers	True	Basement-dweller
Basement-dwelling	True	Basement-dweller
Cellar dweller	True	Basement-dweller
GirlVinyl	True	Girlvinyl
GIRLVINYL	True	Girlvinyl
DeHippo	True	Girlvinyl
Sherrod	True	Girlvinyl
User:Girlvinyl	True	Girlvinyl
Sherrod Ellen DeGrippo	True	Girlvinyl
Sherrod DeGrippo	True	Girlvinyl
Girlvinly	True	Girlvinyl
Sherrod DeHippo	True	Girlvinyl
Traitor	True	Girlvinyl
DeGrippo	True	Girlvinyl
Sherrod DeGrippio	True	Girlvinyl
Sherrod Degrippo	True	Girlvinyl
Whalevinyl	True	Girlvinyl
It puts the lotion on its skin	True	Girlvinyl
I am 12 years old and what is this	True	I'm 12 years old and what is this?
12-year-old boy	True	I'm 12 years old and what is this?
12 year old	True	I'm 12 years old and what is this?
I'm 12 years old and what is this	True	I'm 12 years old and what is this?
I'm 12 and what is this?	True	I'm 12 years old and what is this?
I'm 12 and what is this	True	I'm 12 years old and what is this?
I am 12 and what is this	True	I'm 12 years old and what is this?
I'm 12-years-old	True	I'm 12 years old and what is this?
12	True	I'm 12 years old and what is this?
12 years old	True	I'm 12 years old and what is this?
12-year-old	True	I'm 12 years old and what is this?
12 years old and what is this	True	I'm 12 years old and what is this?
I am 12 years old and what is this?	True	I'm 12 years old and what is this?
I'm 12-years-old and what is this?	True	I'm 12 years old and what is this?
Im 12 and what is this	True	I'm 12 years old and what is this?
Curry nigger	True	India
Indian	True	India
Hindu	True	India
Hinduism	True	India
Bollywood	True	India
Poo in the loo	True	India
Sri Lanka	True	India
Hindus	True	India
Bangladesh	True	India
Curry niggers	True	India
Dot	True	India
Sweatshop	True	India
Ghandi	True	India
Tamil	True	India
Call Center	True	India
Batshit crazy	True	Insane
Batshit Insane	True	Insane
Batshit insanity	True	Insane
Stockholm syndrome	True	Insane
Crazy	True	Insane
Batshit insane	True	Insane
Unhinged	True	Insane
Stockholm Syndrome	True	Insane
Insanity	True	Insane
Guano	True	Insane
Batshit	True	Insane
Delusional	True	Insane
Lunatic	True	Insane
Wackjob	True	Insane
Psychotic	True	Insane
Laughable	True	LOL WUT
Emancipation	True	LOL WUT
LOLWUT	True	LOL WUT
Lolwut	True	LOL WUT
Lolwut?	True	LOL WUT
Pear	True	LOL WUT
Lol Wut	True	LOL WUT
LOL WUT?	True	LOL WUT
Lol wut	True	LOL WUT
Lolwtf	True	LOL WUT
Exaggeration	True	LOL WUT
Lolwhut	True	LOL WUT
Lol wat	True	LOL WUT
Lol wut?	True	LOL WUT
LOLWUT?	True	LOL WUT
Spanish America	True	Mexico
Wetbacks	True	Mexico
Wetback	True	Mexico
Gringo	True	Mexico
Old Mexico	True	Mexico
Hispanics	True	Mexico
Mexicans	True	Mexico
Costa Rica	True	Mexico
Spick	True	Mexico
Home Depot	True	Mexico
Immigrants	True	Mexico
Cholo	True	Mexico
Mexican	True	Mexico
Panama	True	Mexico
Mexicunts	True	Mexico
Orly?	True	O rly
Ya rly	True	O rly
O rly?	True	O rly
O RLY	True	O rly
O Rly	True	O rly
Yarly	True	O rly
Orly	True	O rly
Not really	True	O rly
O RLY?!	True	O rly
ORLY	True	O rly
YA RLY	True	O rly
Rly	True	O rly
O Rly?	True	O rly
O rly owl	True	O rly
O RLY?	True	O rly
Wrestler	True	Professional Wrestling
Jesse Ventura	True	Professional Wrestling
CM Punk	True	Professional Wrestling
Eddie Guerrero	True	Professional Wrestling
WWE	True	Professional Wrestling
WWF	True	Professional Wrestling
Wrestling	True	Professional Wrestling
Triple H	True	Professional Wrestling
Dwayne Johnson	True	Professional Wrestling
Randy Orton	True	Professional Wrestling
Professional wrestling	True	Professional Wrestling
Pro wrestling	True	Professional Wrestling
UFC	True	Professional Wrestling
Kurt Angle	True	Professional Wrestling
The Rock	True	Professional Wrestling
Shitpile	True	Shit
SHIT	True	Shit
Shitload	True	Shit
Congress	True	Shit
Jpop	True	Shit
Brown	True	Shit
Excrement	True	Shit
Shitstain	True	Shit
Piece of shit	True	Shit
Waste	True	Shit
Absolute shit	True	Shit
Sega Saturn	True	Shit
Taking a shit	True	Shit
Shittiest	True	Shit
Shitholes	True	Shit
Trolls	True	Troll
Richard Reid	True	Troll
Hypocricy	True	Troll
Trolled	True	Troll
Trolling	True	Troll
Landover Baptist Church	True	Troll
Do not feed the trolls	True	Troll
Griefer	True	Troll
TROLL	True	Troll
Ruse	True	Troll
Failtroll	True	Troll
Control	True	Troll
Joke	True	Troll
Baby troll	True	Troll
Dang dirty trolls	True	Troll
Patent nonsense	True	Uncyclopedia
Toilet paper	True	Uncyclopedia
Copy	True	Uncyclopedia
Jaws did WTC	True	Uncyclopedia
Boooring	True	Uncyclopedia
Exhibit D	True	Uncyclopedia
Axis of Evil	True	Uncyclopedia
Uncyc	True	Uncyclopedia
UNCYCLOPEDIA	True	Uncyclopedia
Vanilla	True	Uncyclopedia
Uncyclopedophilia	True	Uncyclopedia
Uncyclopedic	True	Uncyclopedia
Unfunnypedia	True	Uncyclopedia
Mark Sanford	True	Uncyclopedia
Nonsense	True	Uncyclopedia
Sticky	True	4chan
FAILCHAN	True	4chan
Memegenerator	True	4chan
UrinatingTree	True	4chan
Chanese	True	4chan
The House of 4chan	True	4chan
Niggertits	True	4chan
Jackie Chan	True	4chan
4chan image downloader	True	4chan
4chan.org	True	4chan
4ailchan	True	4chan
4chan boards	True	4chan
4Chan	True	4chan
4CHAN	True	4chan
Cartoons	True	Animu
Akira	True	Animu
Anime	True	Animu
Animated	True	Animu
Cory in the House	True	Animu
Cartoon	True	Animu
Chibi	True	Animu
Animé	True	Animu
OK K.O.! Let's Be Heroes	True	Animu
Annie may	True	Animu
Mangas	True	Animu
Manga	True	Animu
Tsundere	True	Animu
Moe	True	Animu
Sadist	True	BDSM
Sadism	True	BDSM
SM	True	BDSM
Bondage	True	BDSM
Punishment	True	BDSM
Dominatrix	True	BDSM
Sadomasochism	True	BDSM
Humiliation	True	BDSM
Kinky	True	BDSM
Slaves	True	BDSM
Beating	True	BDSM
S&M	True	BDSM
Masochist	True	BDSM
Masochism	True	BDSM
Christian Weston Chandler	True	Chris-chan
Chris-Chan	True	Chris-chan
CWC	True	Chris-chan
Chrischan	True	Chris-chan
Pedofork	True	Chris-chan
Ian Brandon Something	True	Chris-chan
Ian Brandon Anderson	True	Chris-chan
Cwc	True	Chris-chan
Fat piece of shit	True	Chris-chan
Boyfriend-free girl	True	Chris-chan
Chris-chan/CChanSonichuCWC	True	Chris-chan
Chris Chan	True	Chris-chan
Chris chan	True	Chris-chan
Virgin with rage	True	Chris-chan
Spooge	True	Cum
Cream	True	Cum
CUM	True	Cum
Ejaculation	True	Cum
Sperm	True	Cum
Splooge	True	Cum
Salty milk	True	Cum
Semen	True	Cum
Come	True	Cum
Load	True	Cum
Jizz	True	Cum
DNA	True	Cum
Jism	True	Cum
Ejaculate	True	Cum
LG	True	Evil-unveiled.com/Pedospeak
Lg	True	Evil-unveiled.com/Pedospeak
YF	True	Evil-unveiled.com/Pedospeak
Yf	True	Evil-unveiled.com/Pedospeak
Childlover	True	Evil-unveiled.com/Pedospeak
Pedospeak	True	Evil-unveiled.com/Pedospeak
Girl love	True	Evil-unveiled.com/Pedospeak
SYF	True	Evil-unveiled.com/Pedospeak
Lbl	True	Evil-unveiled.com/Pedospeak
AF	True	Evil-unveiled.com/Pedospeak
BL	True	Evil-unveiled.com/Pedospeak
Loved boy	True	Evil-unveiled.com/Pedospeak
CL	True	Evil-unveiled.com/Pedospeak
GL	True	Evil-unveiled.com/Pedospeak
Fucknut	True	Fucktard
Fucking idiot	True	Fucktard
Asswipe	True	Fucktard
Dumbasses	True	Fucktard
Fucktarded	True	Fucktard
Ass-hats	True	Fucktard
Dipshit	True	Fucktard
DUMBASS	True	Fucktard
Dumbass	True	Fucktard
Amateur	True	Fucktard
Fuckface	True	Fucktard
Smartass	True	Fucktard
Dipshits	True	Fucktard
Social climber	True	Fucktard
Internet toughguy	True	Internet Tough Guy
Man points	True	Internet Tough Guy
Keyboard warrior	True	Internet Tough Guy
Tough Guy	True	Internet Tough Guy
Badass	True	Internet Tough Guy
Tough guy	True	Internet Tough Guy
Internet tough guy	True	Internet Tough Guy
ITG	True	Internet Tough Guy
Fatwa	True	Internet Tough Guy
Force to be reckoned with	True	Internet Tough Guy
Internet Tough Guys	True	Internet Tough Guy
Internet Tough guy	True	Internet Tough Guy
Internet tough guys	True	Internet Tough Guy
Real man	True	Internet Tough Guy
Role-play	True	Role-playing
Roleplayer	True	Role-playing
RP	True	Role-playing
Diving	True	Role-playing
Airsoft	True	Role-playing
Lightning bolt	True	Role-playing
Larpers	True	Role-playing
Roleplaying	True	Role-playing
Role playing	True	Role-playing
Roleplay	True	Role-playing
LARP	True	Role-playing
Roleplayers	True	Role-playing
Role Play	True	Role-playing
GURPS	True	Role-playing
Mindfuck	True	Shit Bricks
When you see it	True	Shit Bricks
Bricks	True	Shit Bricks
Shitting bricks	True	Shit Bricks
Shat brix	True	Shit Bricks
Mindfucks	True	Shit Bricks
Mind Blown	True	Shit Bricks
Shit bricks	True	Shit Bricks
Mind fuck	True	Shit Bricks
Shat bricks	True	Shit Bricks
Mind Fuck	True	Shit Bricks
Shit brix	True	Shit Bricks
Shit Brix	True	Shit Bricks
Brick	True	Shit Bricks
Great Britain	True	United Kingdom
British People	True	United Kingdom
UK	True	United Kingdom
Your mum	True	United Kingdom
Great Britan	True	United Kingdom
Brits	True	United Kingdom
Brit	True	United Kingdom
Britain	True	United Kingdom
Limey	True	United Kingdom
Britian	True	United Kingdom
Falkland Islands	True	United Kingdom
United Kingdom of Great Britain and Northern Ireland	True	United Kingdom
British	True	United Kingdom
The English	True	United Kingdom
Kush	True	Weed
Gardening	True	Weed
Pothead	True	Weed
Afroman	True	Weed
Cannabis	True	Weed
Bong	True	Weed
Blunt	True	Weed
Mary Jane	True	Weed
THC	True	Weed
Marijuana	True	Weed
Hemp	True	Weed
Hash	True	Weed
Pot	True	Weed
Jamaican	True	Weed
What is this i don't even	True	What
Wut	True	What
I dont even	True	What
What?	True	What
Who	True	What
WHAT	True	What
WAT	True	What
Huh	True	What
Wat?	True	What
Wat	True	What
What is this i dont even	True	What
Who?	True	What
Whut	True	What
Wut?	True	What
U	True	You
Useless	True	You
Low-life	True	You
Freak	True	You
YOUR	True	You
Loner	True	You
Weak	True	You
Accident	True	You
Permavirgin	True	You
Social Outcast	True	You
Pointless	True	You
YOU	True	You
Also you	True	You
Pathetic	True	You
Camwhores	True	Camwhore
Selfies	True	Camwhore
Camera whore	True	Camwhore
Deleriumschild	True	Camwhore
Exhibitionism	True	Camwhore
Camgirls	True	Camwhore
CamWhore	True	Camwhore
Dadchan	True	Camwhore
Cam-whore	True	Camwhore
Cam whore	True	Camwhore
Camwhoring	True	Camwhore
Selfie	True	Camwhore
Angleshot	True	Camwhore
Conspiracy theories	True	Conspiracy Theory
Tinfoil hat	True	Conspiracy Theory
Conspiracy Theories	True	Conspiracy Theory
Conspiratard	True	Conspiracy Theory
Conspiracy theorists	True	Conspiracy Theory
Tinfoil hats	True	Conspiracy Theory
Tinfoil	True	Conspiracy Theory
Conspiracy	True	Conspiracy Theory
Conspiracies	True	Conspiracy Theory
Conspiracy theorist	True	Conspiracy Theory
Conspiracy theory	True	Conspiracy Theory
Men in black	True	Conspiracy Theory
Conspiratards	True	Conspiracy Theory
Deadly	True	Death
Dies	True	Death
Died	True	Death
IRL Banhammer	True	Death
Fake internet deaths	True	Death
Dying	True	Death
Fake death	True	Death
The End	True	Death
Real death	True	Death
DEATH	True	Death
Vidme	True	Death
Dead	True	Death
Die	True	Death
IDIFTL	True	I did it for the lulz
For the Lulz	True	I did it for the lulz
Just for the lulz	True	I did it for the lulz
DIDITFORTHELULZ	True	I did it for the lulz
For the lulz	True	I did it for the lulz
Just for lulz	True	I did it for the lulz
For teh lulz	True	I did it for the lulz
I Did It For The Lulz	True	I did it for the lulz
Doing it for the lulz	True	I did it for the lulz
Idiftl	True	I did it for the lulz
I DID IT FOR THE LULZ	True	I did it for the lulz
Do it for the lulz	True	I did it for the lulz
Did it for the lulz	True	I did it for the lulz
Blackface	True	IMMA CHARGIN MAH LAZER
Shoop da Whoop	True	IMMA CHARGIN MAH LAZER
Shoop da woop	True	IMMA CHARGIN MAH LAZER
Lazer	True	IMMA CHARGIN MAH LAZER
Dr. Octagonapus	True	IMMA CHARGIN MAH LAZER
LAZAR	True	IMMA CHARGIN MAH LAZER
SHOOP DA WHOOP	True	IMMA CHARGIN MAH LAZER
LAZOR	True	IMMA CHARGIN MAH LAZER
Lasers	True	IMMA CHARGIN MAH LAZER
Shoop da whoop	True	IMMA CHARGIN MAH LAZER
Laser	True	IMMA CHARGIN MAH LAZER
Lazor	True	IMMA CHARGIN MAH LAZER
Shoop Da Whoop	True	IMMA CHARGIN MAH LAZER
72 Virgins	True	Islam
Muslims	True	Islam
Tanned German	True	Islam
Moslem	True	Islam
Islamic	True	Islam
Koran	True	Islam
Quran	True	Islam
Fundamentalism	True	Islam
Burka	True	Islam
Mudslime	True	Islam
Muslim	True	Islam
Peace	True	Islam
Ramadan	True	Islam
Soviets	True	Russia
Russians	True	Russia
Ruskies	True	Russia
Soviet	True	Russia
Soviet Union	True	Russia
Russian Roulette	True	Russia
Bear Porn	True	Russia
Russian	True	Russia
Ruskie	True	Russia
Moscow	True	Russia
Mother Russia	True	Russia
Kremlin	True	Russia
Slavs	True	Russia
Become An Hero	True	Suicide
Chuoside	True	Suicide
Become an hero	True	Suicide
Seppuku	True	Suicide
Self ownage	True	Suicide
Final solution	True	Suicide
Self pwn	True	Suicide
Self Ruin	True	Suicide
Suicidal	True	Suicide
Final solutions	True	Suicide
Self-pwn	True	Suicide
Commit suicide	True	Suicide
Quit IRL	True	Suicide
Irl trolling	True	Trolling IRL
IRL Trolling	True	Trolling IRL
IRL trolls	True	Trolling IRL
Suicide bomber	True	Trolling IRL
IRL troll	True	Trolling IRL
Irl Trolls	True	Trolling IRL
Troll IRL	True	Trolling IRL
IRL Trolls	True	Trolling IRL
IRL Troll	True	Trolling IRL
Trolling irl	True	Trolling IRL
IRL trolled	True	Trolling IRL
IRL trolling	True	Trolling IRL
Irl troll	True	Trolling IRL
BSOD	True	Windows
Windows Me	True	Windows
Blue screen of death	True	Windows
Windows 8	True	Windows
Windows 7	True	Windows
Micro$oft	True	Windows
Windows XP	True	Windows
.NET	True	Windows
Vista	True	Windows
Windows Vista	True	Windows
Windows 10	True	Windows
Windows 98	True	Windows
Microsoft Windows	True	Windows
DOING IT WRONG	True	YOU ARE DOING IT WRONG
DOING IT RONG	True	YOU ARE DOING IT WRONG
You're doing it wrong	True	YOU ARE DOING IT WRONG
Doing It Wrong	True	YOU ARE DOING IT WRONG
YOU'RE DOING IT WRONG	True	YOU ARE DOING IT WRONG
You Are Doing It Wrong	True	YOU ARE DOING IT WRONG
You are doing it wrong	True	YOU ARE DOING IT WRONG
Amidoinitrite	True	YOU ARE DOING IT WRONG
RONG	True	YOU ARE DOING IT WRONG
Wrong	True	YOU ARE DOING IT WRONG
DOIN IT RONG	True	YOU ARE DOING IT WRONG
Doing it wrong	True	YOU ARE DOING IT WRONG
Doing it right	True	YOU ARE DOING IT WRONG
Zoe Tiberius Quinn	True	Zoe Quinn
The Tingler	True	Zoe Quinn
Locke Valentine	True	Zoe Quinn
Five Guys Burgers And Fries	True	Zoe Quinn
Chelsea Van Valkenburg	True	Zoe Quinn
Depression Quest	True	Zoe Quinn
Five guys burger and fries	True	Zoe Quinn
UnburntWitch	True	Zoe Quinn
Goddess Mode	True	Zoe Quinn
Zoe quinn	True	Zoe Quinn
Five Guys	True	Zoe Quinn
Project Tingle	True	Zoe Quinn
Primeape	True	Zoe Quinn
Halfrican	True	Barack Obama
Black Jesus	True	Barack Obama
Barack Jesus	True	Barack Obama
President Barack Obama	True	Barack Obama
President Barack Hussein Obama	True	Barack Obama
President Obama	True	Barack Obama
Boss nigger	True	Barack Obama
Boss Nigger	True	Barack Obama
God-Emperor of Blackkind	True	Barack Obama
Game of Drones	True	Barack Obama
OBAMA	True	Barack Obama
Mulatto Jesus	True	Barack Obama
Caek	True	Delicious Cake
Hungry	True	Delicious Cake
Truly	True	Delicious Cake
Delicious cock	True	Delicious Cake
Delicious	True	Delicious Cake
Delicious caek	True	Delicious Cake
You must eat it	True	Delicious Cake
Lex Luthor	True	Delicious Cake
Cake	True	Delicious Cake
Delicious cake	True	Delicious Cake
Delicious﻿ Cæk	True	Delicious Cake
Trufax	True	Delicious Cake
Do Want	True	DO NOT WANT
DO WANT	True	DO NOT WANT
SORTA WANT	True	DO NOT WANT
DO NOT WANT!	True	DO NOT WANT
Do not want	True	DO NOT WANT
Sort of Want	True	DO NOT WANT
Want	True	DO NOT WANT
Abusive	True	DO NOT WANT
Abuse	True	DO NOT WANT
Do want	True	DO NOT WANT
Contempt	True	DO NOT WANT
Do Not Want	True	DO NOT WANT
Super Saiyan	True	Dragon Ball Z
Dragon Ballz	True	Dragon Ball Z
Vegeta	True	Dragon Ball Z
Super Saiyan Blue	True	Dragon Ball Z
Dragonball Z	True	Dragon Ball Z
DBZ	True	Dragon Ball Z
Dragonball	True	Dragon Ball Z
Dragon Ball	True	Dragon Ball Z
Constipation	True	Dragon Ball Z
Super Saiyan Rose	True	Dragon Ball Z
Goku	True	Dragon Ball Z
Frieza	True	Dragon Ball Z
OD	True	Drug
Medicine	True	Drug
Overdose	True	Drug
Smack	True	Drug
Drug addict	True	Drug
Drugs	True	Drug
Viagra	True	Drug
Drug abuse	True	Drug
Crystal meth	True	Drug
Drugged	True	Drug
Dope	True	Drug
Junkie	True	Drug
Cheezburger Network	True	I Can Has Cheezburger?
Cheezburger	True	I Can Has Cheezburger?
Icanhazcheezburger	True	I Can Has Cheezburger?
ICHC	True	I Can Has Cheezburger?
Lolcat	True	I Can Has Cheezburger?
LOLcat	True	I Can Has Cheezburger?
Ben Huh	True	I Can Has Cheezburger?
Lolcats	True	I Can Has Cheezburger?
LOLCATS	True	I Can Has Cheezburger?
I Can Has Cheezburger	True	I Can Has Cheezburger?
LOLcats	True	I Can Has Cheezburger?
Icanhascheezburger	True	I Can Has Cheezburger?
IRS	True	Money
Monies	True	Money
Dollars	True	Money
Jew golds	True	Money
$	True	Money
Billionairs	True	Money
IRL money	True	Money
Moniez	True	Money
Rich	True	Money
Wealth	True	Money
Sugar Daddies	True	Money
Currency	True	Money
Nazis	True	Nazi
Fascists	True	Nazi
National socialism	True	Nazi
Police state	True	Nazi
Nazi Germany	True	Nazi
National Socialist	True	Nazi
Swastikas	True	Nazi
Neo-Nazi	True	Nazi
Gestapo	True	Nazi
Fascist	True	Nazi
Fascism	True	Nazi
Fashy	True	Nazi
Media sucking night black cucks	True	Old media
Arcade game	True	Old media
Dan Rather	True	Old media
Film	True	Old media
Cyberspace	True	Old media
Old Media	True	Old media
CBS	True	Old media
MSM	True	Old media
PBS	True	Old media
NBC	True	Old media
Media	True	Old media
Newspaper	True	Old media
Nursing home	True	Old people
Old fart	True	Old people
Outdated	True	Old people
Old People	True	Old people
Grandpa	True	Old people
Elderly	True	Old people
Ancient	True	Old people
Old	True	Old people
Olde	True	Old people
Retired	True	Old people
Betty White	True	Old people
Older	True	Old people
Boy's Club	True	Pepe
Sadfrog	True	Pepe
Pepe the Frog	True	Pepe
Feels bad man	True	Pepe
Sad Frog	True	Pepe
Pepe the frog	True	Pepe
Feels good	True	Pepe
Feels good man	True	Pepe
Pepe The Frog	True	Pepe
REEEEEEE	True	Pepe
Feelsgoodman	True	Pepe
Pretty good actually	True	Pepe
Hillbilly	True	Redneck
Peckerwood	True	Redneck
Hillbillies	True	Redneck
Rednecks	True	Redneck
Southern	True	Redneck
Hick	True	Redneck
Git-r-done	True	Redneck
Klansmen	True	Redneck
Country music	True	Redneck
Southerners	True	Redneck
Red Neck	True	Redneck
NASCAR	True	Redneck
Blood	True	Self Injury
Self injury	True	Self Injury
Cutter	True	Self Injury
Scar	True	Self Injury
Injury	True	Self Injury
Injuries	True	Self Injury
Cutters	True	Self Injury
Self-mutilation	True	Self Injury
Self harm	True	Self Injury
Self-injury	True	Self Injury
Self-harm	True	Self Injury
Cutting	True	Self Injury
SJWs	True	Social Justice
Sjws	True	Social Justice
Crybully	True	Social Justice
Social Justice Warriors	True	Social Justice
Social justice	True	Social Justice
Social justice warriors	True	Social Justice
Journalism	True	Social Justice
Sjw	True	Social Justice
Regressive	True	Social Justice
Social justice warrior	True	Social Justice
Social Justice Warrior	True	Social Justice
SJW	True	Social Justice
Transexual	True	Transgender
Autogynephilia	True	Transgender
Trannie	True	Transgender
Genderfluid	True	Transgender
Trannys	True	Transgender
Transsexual	True	Transgender
Transsexuals	True	Transgender
Trannies	True	Transgender
Trans	True	Transgender
Transexuals	True	Transgender
Transgendered	True	Transgender
Tranny	True	Transgender
Jay Leno	True	Unfunny
Find the Computer Room	True	Unfunny
Zen444	True	Unfunny
Will63	True	Unfunny
Smosh	True	Unfunny
Cocksucker	True	Unfunny
George Lopez	True	Unfunny
David Letterman	True	Unfunny
Not funny	True	Unfunny
Jimmy Fallon	True	Unfunny
Nigahiga	True	Unfunny
Carrot Top	True	Unfunny
Ausfalian	True	United States of Australia
Ausfailia	True	United States of Australia
Ausfag	True	United States of Australia
Australian	True	United States of Australia
Australians	True	United States of Australia
Ausfalia	True	United States of Australia
Austrailia	True	United States of Australia
Redneck Wonderland	True	United States of Australia
AU	True	United States of Australia
Australia	True	United States of Australia
Aussie	True	United States of Australia
Worlds largest prison	True	United States of Australia
War of Terror	True	W
Dubya	True	W
Curious George	True	W
Miserable failure	True	W
George Dubya Bush	True	W
Worthless	True	W
George W. Bush	True	W
George W Bush	True	W
War On Terror	True	W
War on Terror	True	W
Mistake	True	W
Thief in Chief	True	W
Anti-Zionist	True	White Nationalism
White pride	True	White Nationalism
Race-mixing	True	White Nationalism
BNP	True	White Nationalism
White supremacist	True	White Nationalism
Interracial	True	White Nationalism
White Power	True	White Nationalism
White Pride	True	White Nationalism
White nationalist	True	White Nationalism
White nationalism	True	White Nationalism
White power	True	White Nationalism
Racemixing	True	White Nationalism
Adoption	True	Abortion
Pro life	True	Abortion
Birth control	True	Abortion
Abortions	True	Abortion
Miscarriage	True	Abortion
Birth Control	True	Abortion
Stem Cell Research	True	Abortion
Adopted	True	Abortion
Aborted	True	Abortion
Pro choice	True	Abortion
Abort	True	Abortion
Republic	True	Adolf Hitler
Adolf	True	Adolf Hitler
Nazism	True	Adolf Hitler
HITLER	True	Adolf Hitler
Worse than hitler	True	Adolf Hitler
Hitlers	True	Adolf Hitler
Charlie Chaplin	True	Adolf Hitler
Führer	True	Adolf Hitler
Legend	True	Adolf Hitler
Fuhrer	True	Adolf Hitler
Hitler	True	Adolf Hitler
Ethiopia	True	Africa
Gambia	True	Africa
Ethiopian	True	Africa
Africans	True	Africa
Famine	True	Africa
Ghana	True	Africa
Blackistan	True	Africa
Congo	True	Africa
Sunderland	True	Africa
African	True	Africa
Yemen	True	Africa
Wine	True	Alcohol
151	True	Alcohol
Beer	True	Alcohol
Listerine	True	Alcohol
Champagne	True	Alcohol
Drinking	True	Alcohol
Liquor	True	Alcohol
Vodka	True	Alcohol
Alchohol	True	Alcohol
Jesus Juice	True	Alcohol
Booze	True	Alcohol
Ocean of piss	True	B/
Peanut gallery	True	B/
B	True	B/
Cesspool	True	B/
/B/	True	B/
/B	True	B/
/b/	True	B/
Sea of piss	True	B/
/b	True	B/
The Great /B/lackout	True	B/
Mr. Peanut	True	B/
Dear Leader	True	Best Korea
North Korea	True	Best Korea
Kim Jong Il	True	Best Korea
Kim il sung	True	Best Korea
Totalitarian state	True	Best Korea
Kim Jong-Il	True	Best Korea
Evildoer Korea	True	Best Korea
Kim Il-sung	True	Best Korea
Kim Il-Sung	True	Best Korea
Kim Jong-Un	True	Best Korea
Kim Jong-il	True	Best Korea
Chinese	True	China
Chink	True	China
Rice niggers	True	China
People republic of chinkna	True	China
Chinks	True	China
Mongolia	True	China
SARS	True	China
The Great Firewall of China	True	China
PRC	True	China
Unit 731	True	China
Kowloon	True	China
Progressivism	True	Communism
Communist	True	Communism
Smurf	True	Communism
Progressive	True	Communism
The Borg	True	Communism
Fidel Castro	True	Communism
Left	True	Communism
Commies	True	Communism
Communists	True	Communism
Commie	True	Communism
Lenin	True	Communism
KILL FUCKING EVERYTHING	True	Delete fucking everything
Dfe	True	Delete fucking everything
Blanking	True	Delete fucking everything
Delete everything	True	Delete fucking everything
Delete Fucking Everything	True	Delete fucking everything
Balete	True	Delete fucking everything
Damage control	True	Delete fucking everything
DELETING FUCKING EVERYTHING	True	Delete fucking everything
Deleted fucking everything	True	Delete fucking everything
My mouse slipped	True	Delete fucking everything
DELETE FUCKING EVERYTHING	True	Delete fucking everything
DeviantArt	True	DeviantART
Deviantart	True	DeviantART
Deviant	True	DeviantART
DevianTart	True	DeviantART
Tartlet	True	DeviantART
TARTlet	True	DeviantART
DevianTART	True	DeviantART
DeviantTart	True	DeviantART
Tartlets	True	DeviantART
DA	True	DeviantART
Deviant art	True	DeviantART
GET THE FUCK OUT	True	GTFO
Gtfo	True	GTFO
Fuck off	True	GTFO
Tits or GTFO!	True	GTFO
Fuck Off	True	GTFO
Tits or gtfo	True	GTFO
Tits or Gtfo	True	GTFO
Tits or leave	True	GTFO
Tits or GTFO	True	GTFO
Get the fuck out	True	GTFO
TITS OR GTFO	True	GTFO
Internet fame	True	Internet celebrity
E-famous	True	Internet celebrity
Internet Celebrities	True	Internet celebrity
E-celebrity	True	Internet celebrity
E-fame	True	Internet celebrity
Fame	True	Internet celebrity
Internet famous	True	Internet celebrity
Notoriety	True	Internet celebrity
Internet celebrities	True	Internet celebrity
Internet Celebrity	True	Internet celebrity
E-popular	True	Internet celebrity
Cyberpolice	True	Jessi Slaughter
You Dun Goofed	True	Jessi Slaughter
Jesse Slaughter	True	Jessi Slaughter
Cyber-police	True	Jessi Slaughter
Consequences	True	Jessi Slaughter
YOU DUN GOOFED	True	Jessi Slaughter
You dun goofed	True	Jessi Slaughter
Cyber police	True	Jessi Slaughter
Backtraced	True	Jessi Slaughter
Consequences will never be the same	True	Jessi Slaughter
Cyber Police	True	Jessi Slaughter
JEWSDIDWTC	True	JEWS DID WTC
Jewsdidwtc	True	JEWS DID WTC
MONGO DID WTC	True	JEWS DID WTC
Jews did wtc	True	JEWS DID WTC
False flag	True	JEWS DID WTC
Jews did 9/11	True	JEWS DID WTC
Jews did 911	True	JEWS DID WTC
Jews did WTC	True	JEWS DID WTC
JEWS DID 911	True	JEWS DID WTC
Jews Did WTC	True	JEWS DID WTC
JEWS DID 9/11	True	JEWS DID WTC
Swallow	True	List of sex moves
Golden shower	True	List of sex moves
Ass to mouth	True	List of sex moves
69	True	List of sex moves
Canada's History	True	List of sex moves
List of sex acts	True	List of sex moves
Sex moves	True	List of sex moves
Home base	True	List of sex moves
List of Sex Moves	True	List of sex moves
Angry dragon	True	List of sex moves
Consensual sex in the missionary position	True	List of sex moves
Mary-sue	True	Mary Sue
Sue	True	Mary Sue
Mary Sue writers	True	Mary Sue
Mary-Sue	True	Mary Sue
Gary Stu	True	Mary Sue
Mary Sues	True	Mary Sue
Mary sues	True	Mary Sue
Perfect	True	Mary Sue
Marty Stu	True	Mary Sue
Mary sue	True	Mary Sue
Gary Sue	True	Mary Sue
Grindcore	True	Music
Shit band	True	Music
Singer	True	Music
Shit Bands	True	Music
Shit bands	True	Music
Soul	True	Music
Song	True	Music
Mayonnaise	True	Music
Musician	True	Music
Jazz	True	Music
Musicians	True	Music
Oh internet	True	OhInternet
Enemies of the Lulz	True	OhInternet
Know Your Memes	True	OhInternet
Oh Internet	True	OhInternet
OhI	True	OhInternet
Ohi	True	OhInternet
Ghettofinger	True	OhInternet
Oh Internet!	True	OhInternet
Unoriginality	True	OhInternet
Unoriginal	True	OhInternet
Ohinternet	True	OhInternet
Pokefag	True	Pokémon
Pallet Town	True	Pokémon
Pokemans	True	Pokémon
Pokemanz	True	Pokémon
Dodrios	True	Pokémon
Pokemon	True	Pokémon
Pokeymanz	True	Pokémon
Articuno	True	Pokémon
Pokemon Card	True	Pokémon
Missingno	True	Pokémon
Haxorus	True	Pokémon
Names	True	Powerword
PowerWord:IRL Name	True	Powerword
Power word	True	Powerword
IRL Powerword	True	Powerword
PowerWord: IRL Name	True	Powerword
Power Word	True	Powerword
Name	True	Powerword
Power Word: IRL Name	True	Powerword
PowerWord	True	Powerword
Real name	True	Powerword
IRL name	True	Powerword
Model	True	Pro-Ana
Thin	True	Pro-Ana
Anorexia	True	Pro-Ana
Pro Ana	True	Pro-Ana
Anorexic	True	Pro-Ana
Pro ana	True	Pro-Ana
Ana	True	Pro-Ana
Pro-ana	True	Pro-Ana
Professional	True	Pro-Ana
Mia	True	Pro-Ana
Skinny	True	Pro-Ana
Star Wars The Last Jedi	True	Star Wars
George Lucas	True	Star Wars
Death Star	True	Star Wars
Sith	True	Star Wars
Star wars	True	Star Wars
Han Solo	True	Star Wars
The Last Jedi	True	Star Wars
Starwars	True	Star Wars
Han Shot First	True	Star Wars
Jabba The Hutt	True	Star Wars
Yoda	True	Star Wars
Black Dick Hoax	True	The Great Black Dick Hoax
Great black dick hoax	True	The Great Black Dick Hoax
Jealous	True	The Great Black Dick Hoax
Great Black Dick Hoax	True	The Great Black Dick Hoax
Big Black Cock	True	The Great Black Dick Hoax
Envy	True	The Great Black Dick Hoax
Black dick hoax	True	The Great Black Dick Hoax
Black dick	True	The Great Black Dick Hoax
Black cock	True	The Great Black Dick Hoax
Black Cock	True	The Great Black Dick Hoax
Jealousy	True	The Great Black Dick Hoax
Stealing	True	Theft
Stole	True	Theft
Carded	True	Theft
Robbery	True	Theft
Steals	True	Theft
Steal	True	Theft
E-theft	True	Theft
Embezzlement	True	Theft
Loot	True	Theft
Carding	True	Theft
Thief	True	Theft
Blogger	True	Weblog
Bloggers	True	Weblog
Vlogs	True	Weblog
Vlogger	True	Weblog
Blogspot	True	Weblog
Vlog	True	Weblog
Writer	True	Weblog
Vlogging	True	Weblog
Blogging	True	Weblog
Blog	True	Weblog
Blogs	True	Weblog
Mothers	True	Your Mom
Mama	True	Your Mom
Mommy	True	Your Mom
Your Mum	True	Your Mom
Ur mom	True	Your Mom
Your mom	True	Your Mom
Yo momma	True	Your Mom
Your sister	True	Your Mom
Your mother	True	Your Mom
Your Mother	True	Your Mom
Mom	True	Your Mom
This is Sparta	True	300
Leonidas	True	300
Sparta	True	300
DINE IN HELL	True	300
Madness	True	300
THIS IS SPARTA	True	300
Spartans	True	300
Tonight we dine in hell	True	300
Xerxes	True	300
TONIGHT WE DINE IN HELL	True	300
Aborigine	True	Aboriginal
Abo	True	Aboriginal
Aboriginals	True	Aboriginal
Aborigines	True	Aboriginal
Sea niggers	True	Aboriginal
Abbos	True	Aboriginal
Abos	True	Aboriginal
Boongs	True	Aboriginal
Sea nigger	True	Aboriginal
Abbo	True	Aboriginal
Sack	True	Ball
Scrotum	True	Ball
Bozack	True	Ball
Ballsack	True	Ball
Testicles	True	Ball
Balls	True	Ball
BALLS	True	Ball
Testicle	True	Ball
Bollocks	True	Ball
Rocks	True	Ball
Love and tolerate	True	Brony
Pony fucker	True	Brony
Maxveers	True	Brony
Ponyfags	True	Brony
Bronies	True	Brony
Bronie	True	Brony
Ponyfag	True	Brony
Pegasister	True	Brony
Pegasisters	True	Brony
Bronys	True	Brony
A Dog	True	Buy A Dog
Dog Curtains	True	Buy A Dog
Buy a Dog	True	Buy A Dog
Curtains	True	Buy A Dog
Buy a dog	True	Buy A Dog
Dog curtains	True	Buy A Dog
Curtain	True	Buy A Dog
Firewall	True	Buy A Dog
Get A Dog	True	Buy A Dog
Get a dog	True	Buy A Dog
Euro	True	Europe
Eurofags	True	Europe
Eurotrash	True	Europe
European	True	Europe
Eurabia	True	Europe
Europeans	True	Europe
European Union	True	Europe
Eurofag	True	Europe
Yurop	True	Europe
Slovakia	True	Europe
Zealot	True	Fantard
Fangirls	True	Fantard
Fanboy bile	True	Fantard
Fanatic	True	Fantard
Fantards	True	Fantard
Fanbois	True	Fantard
Fangirl	True	Fantard
Fanboys	True	Fantard
Fanboi	True	Fantard
Fanboy	True	Fantard
Hackers On Steroids	True	HACKERS ON STEROIDS
Corruption	True	HACKERS ON STEROIDS
Hacker on steroids	True	HACKERS ON STEROIDS
Foxing Day	True	HACKERS ON STEROIDS
Steroidal hackers	True	HACKERS ON STEROIDS
Hackers on steroids	True	HACKERS ON STEROIDS
Steroidal hacker	True	HACKERS ON STEROIDS
Hackers on steriods	True	HACKERS ON STEROIDS
7 passwords	True	HACKERS ON STEROIDS
Corrupt	True	HACKERS ON STEROIDS
Real	True	IRL
RL	True	IRL
Irl	True	IRL
Reality	True	IRL
IRlife	True	IRL
Real Life	True	IRL
Real life	True	IRL
Actual	True	IRL
In real life	True	IRL
Outside	True	IRL
Nuke	True	Japan
Jap	True	Japan
Shinto	True	Japan
Nippon	True	Japan
Tokyo	True	Japan
Whaling	True	Japan
Japs	True	Japan
Japanese	True	Japan
JAPAN	True	Japan
Kancho	True	Japan
Usury	True	Jew Gold
Shekel	True	Jew Gold
Jewgold	True	Jew Gold
Jew Golds	True	Jew Gold
YouTube Partnership Program	True	Jew Gold
Credit	True	Jew Gold
Shekels	True	Jew Gold
Jew gold	True	Jew Gold
Jewgolds	True	Jew Gold
Gold	True	Jew Gold
Essential Memes	True	Meme
MEME	True	Meme
Dank memes	True	Meme
Memes	True	Meme
Dank meme	True	Meme
May may	True	Meme
Viral	True	Meme
New meme	True	Meme
Internet meme	True	Meme
Fad	True	Meme
Mods	True	Moderator
Administrator	True	Moderator
Moderators	True	Moderator
Admins	True	Moderator
Modfag	True	Moderator
Ops	True	Moderator
Admin	True	Moderator
Moderation	True	Moderator
Administrators	True	Moderator
Mod	True	Moderator
Murderer	True	Murder
Murdered	True	Murder
IRL Banned	True	Murder
Regicide	True	Murder
Killing	True	Murder
Killed	True	Murder
MURDER	True	Murder
Homicide	True	Murder
Kill	True	Murder
Murderous	True	Murder
Newbs	True	Newbie
Newbies	True	Newbie
N00b	True	Newbie
Noob	True	Newbie
Noobs	True	Newbie
NOOB	True	Newbie
N00bs	True	Newbie
Nub	True	Newbie
Newb	True	Newbie
Newfag	True	Newbie
Pain series	True	Pain Series
Ouch	True	Pain Series
Turn Off	True	Pain Series
Gross	True	Pain Series
Ecchi	True	Pain Series
Pain	True	Pain Series
Horrible	True	Pain Series
Dirty	True	Pain Series
Painful	True	Pain Series
Tea	True	Pain Series
Pix or it didn't happen	True	Pictures plz
Pixpls	True	Pictures plz
Pixplz	True	Pictures plz
Pics plz	True	Pictures plz
Pics or it didn't happen	True	Pictures plz
JPG	True	Pictures plz
JPEG	True	Pictures plz
Pix pls	True	Pictures plz
Pix plz	True	Pictures plz
Jpeg	True	Pictures plz
Script kiddies	True	Skript kiddie
Script Kiddies	True	Skript kiddie
Skid	True	Skript kiddie
Skiddy	True	Skript kiddie
Script kiddie	True	Skript kiddie
Skiddie	True	Skript kiddie
Script kiddy	True	Skript kiddie
Skiddies	True	Skript kiddie
Skript kiddies	True	Skript kiddie
Skids	True	Skript kiddie
Some argued	True	Some argue
Apparently	True	Some argue
Some say	True	Some argue
Purportedly	True	Some argue
It should be noted	True	Some argue
Some Argue	True	Some argue
Weasel words	True	Some argue
Purported	True	Some argue
Many argue	True	Some argue
Some people	True	Some argue
Adolescence	True	Teenager
Teenage	True	Teenager
Prepubescent	True	Teenager
Teen	True	Teenager
Puberty	True	Teenager
Angsty teens	True	Teenager
Teenagers	True	Teenager
Grow up	True	Teenager
Teens	True	Teenager
Angsty teen	True	Teenager
Uncle Phil	True	The Fresh Prince of Bel-Air
Belair	True	The Fresh Prince of Bel-Air
Fresh Prince	True	The Fresh Prince of Bel-Air
Fresh prince	True	The Fresh Prince of Bel-Air
Fresh Prince of Bel Air	True	The Fresh Prince of Bel-Air
Bel air	True	The Fresh Prince of Bel-Air
Bel Air	True	The Fresh Prince of Bel-Air
Bel-air	True	The Fresh Prince of Bel-Air
Fresh Prince of Bel-Air	True	The Fresh Prince of Bel-Air
Bel-Air	True	The Fresh Prince of Bel-Air
You Mad	True	U MAD
U mad?	True	U MAD
U MAD?	True	U MAD
Umad	True	U MAD
You mad	True	U MAD
U mad	True	U MAD
Why you mad though	True	U MAD
Pissed	True	U MAD
U Mad	True	U MAD
Umad?	True	U MAD
YT	True	YouTube
YouTubers	True	YouTube
YewTube	True	YouTube
YouTube Civil War of 2006	True	YouTube
Youtube	True	YouTube
Xtube	True	YouTube
Videos	True	YouTube
Video	True	YouTube
You tube	True	YouTube
Yewt00b	True	YouTube