source	target
Professional Wrestling	Professional Wrestling
Professional Wrestling	Retard
Professional Wrestling	List of sex moves
Professional Wrestling	Mexico
Professional Wrestling	Homosexuality
Professional Wrestling	Jewnited States of Americunts
Professional Wrestling	ALL CAPS
Pedophilia	13-year-old boy
Pedophilia	Furfag
Pedophilia	Self Injury
Pedophilia	Jews
Pedophilia	DeviantART
Pedophilia	Pedophilia
Pedophilia	Teenager
Pedophilia	Jewnited States of Americunts
Pedophilia	Islam
Pedophilia	Secks
Pedophilia	United States of Australia
Pedophilia	Asperger's Syndrome
Pedophilia	Abortion
Pedophilia	Suicide
Pedophilia	Buttsecks
Pedophilia	Chris-chan
Pedophilia	Transgender
Pedophilia	Christian
Pedophilia	Star Wars
Pedophilia	Retard
DO NOT WANT	Crap
DO NOT WANT	Furfag
DO NOT WANT	Goatse
DO NOT WANT	YOU ARE DOING IT WRONG
DO NOT WANT	300
DO NOT WANT	Over 9000
DO NOT WANT	Africa
Abortion	Communism
Zoe Quinn	Zoe Quinn
Zoe Quinn	Asperger's Syndrome
Zoe Quinn	Suicide
Zoe Quinn	Chris-chan
Zoe Quinn	Fantard
Zoe Quinn	Retard
Zoe Quinn	An hero
Zoe Quinn	You
Brony	Furfag
Brony	Faggot
Brony	Social Justice
Brony	Troll
Brony	Emo
Brony	Basement-dweller
Brony	Liar
Brony	Asperger's Syndrome
Brony	Chris-chan
Brony	Transgender
Brony	Christian
Brony	Retard
Brony	Brony
Brony	16-year-old girl
Brony	You
Best Korea	Communism
Best Korea	Trolling IRL
Best Korea	Europe
Best Korea	Adolf Hitler
Best Korea	Mexico
Best Korea	Jewnited States of Americunts
Best Korea	India
Best Korea	China
Best Korea	Sand niggers
Best Korea	JEWS DID WTC
Best Korea	Best Korea
Best Korea	United States of Australia
Best Korea	Jews
Best Korea	United Kingdom
Best Korea	Barack Obama
Best Korea	Russia
Best Korea	Japan
Best Korea	Injuns
Social Justice	Suicide
Social Justice	Retard
Social Justice	Basement-dweller
Social Justice	Lesbian
Social Justice	Furfag
Social Justice	Rape
Social Justice	Troll
Social Justice	Brony
Social Justice	16-year-old girl
Social Justice	Fact
Social Justice	Social Justice
Social Justice	Transgender
Social Justice	You
Social Justice	Murder
Social Justice	White Devils
Lulz	At least 100
Lulz	Internets
Lulz	Furfag
Lulz	Jews
Lulz	Pr0n
Lulz	Uncyclopedia
Lulz	Secks
Lulz	Encyclopædia Dramatica
Lulz	LOL WUT
Lulz	China
Lulz	Unfunny
Lulz	Pwnt
????	Banned
Star Wars	Goatse
Star Wars	300
Star Wars	Delete fucking everything
Star Wars	Mary Sue
Star Wars	Pedophilia
Star Wars	Unfunny
Star Wars	Star Wars
Star Wars	Islam
Troll	13-year-old boy
Islam	Trolling IRL
Money	Communism
Money	YouTube
Money	Basement-dweller
Money	Whore
Money	Old people
YOU ARE DOING IT WRONG	What
YOU ARE DOING IT WRONG	Retard
YOU ARE DOING IT WRONG	Internets
YOU ARE DOING IT WRONG	Goatse
YOU ARE DOING IT WRONG	W
YOU ARE DOING IT WRONG	Delete fucking everything
YOU ARE DOING IT WRONG	Fail
YOU ARE DOING IT WRONG	Rape
YOU ARE DOING IT WRONG	Internet Tough Guy
YOU ARE DOING IT WRONG	Skript kiddie
YOU ARE DOING IT WRONG	Wimmins
YOU ARE DOING IT WRONG	Troll
YOU ARE DOING IT WRONG	DO NOT WANT
YOU ARE DOING IT WRONG	You
YOU ARE DOING IT WRONG	Unwarranted Self-Importance
YOU ARE DOING IT WRONG	Scientology
YOU ARE DOING IT WRONG	Nazi
Retard	Furfag
Retard	Professional Wrestling
Retard	Self Injury
Retard	Girlvinyl
Retard	OhInternet
Retard	Jews
Retard	DeviantART
Retard	Internet Tough Guy
Retard	Pedophilia
Retard	Social Justice
Retard	Uncyclopedia
Retard	Emo
Retard	Jewnited States of Americunts
Retard	Basement-dweller
Retard	Encyclopædia Dramatica
Retard	Asperger's Syndrome
Retard	Delicious Cake
Retard	Abortion
Retard	W
Retard	Chris-chan
Retard	Alcohol
Retard	Jessi Slaughter
Retard	Transgender
Retard	YOU ARE DOING IT WRONG
Retard	Fat Larry's Band
Retard	Scientology
Retard	Fucktard
O rly	Retard
O rly	O rly
O rly	16-year-old girl
O rly	Homosexuality
O rly	Japan
Moderator	13-year-old boy
Moderator	Furfag
Moderator	The Cancer That Is Killing /b/
Trolling IRL	Mexico
Trolling IRL	Islam
Trolling IRL	W
Trolling IRL	Best Korea
Trolling IRL	I did it for the lulz
Trolling IRL	IRL
Trolling IRL	Barack Obama
Trolling IRL	Columbine
Secks	13-year-old boy
Secks	Secks
Secks	Fap
Secks	Pr0n
Secks	List of sex moves
Secks	Drug
Secks	Barack Obama
Secks	JEWS DID WTC
Secks	Whore
Secks	Abortion
Secks	Scientology
Secks	Your Mom
Secks	Vagoo
Secks	IRL
Secks	Death
Secks	Buttsecks
Secks	Old people
Secks	Chris-chan
Secks	Ball
Secks	Fellatio
Secks	Transgender
Secks	Wimmins
Secks	Pedophilia
Secks	Party Van
Secks	Money
Secks	Alcohol
Secks	Murder
Secks	Divide by zero
Secks	Cock
Secks	Lulz
Secks	Homosexuality
Secks	Rape
Secks	BDSM
Secks	You
Incontinent Student Bodies	Mary Sue
Incontinent Student Bodies	Furfag
Incontinent Student Bodies	HAHAHA DISREGARD THAT, I SUCK COCKS
Incontinent Student Bodies	The Cancer That Is Killing /b/
Alcohol	Jews
Alcohol	Internet Tough Guy
Alcohol	Secks
Alcohol	Basement-dweller
Alcohol	India
Alcohol	Whore
Alcohol	Injuns
Alcohol	Redneck
Alcohol	Your Mom
Alcohol	Money
Alcohol	Suicide
Alcohol	Delicious Cake
Alcohol	United Kingdom
Fat Larry's Band	Furfag
Fat Larry's Band	Jews
Pain Series	Goatse
Africa	Europe
Africa	Wimmins
Africa	DO NOT WANT
Africa	Adolf Hitler
Africa	The Great Black Dick Hoax
Africa	Mexico
Africa	Jewnited States of Americunts
Africa	United States of Australia
Africa	India
Africa	Injuns
Africa	China
Africa	W
Africa	Fat Larry's Band
Africa	White Devils
Africa	Best Korea
Africa	United Kingdom
Africa	Barack Obama
Africa	Russia
Africa	Japan
Tits	13-year-old boy
Tits	Fat
Tits	Tits
Tits	China
Tits	Vagoo
Tits	Japan
Tits	Death
Tits	Ball
Tits	GTFO
Youtube Nobodies	United States of Australia
Youtube Nobodies	Jessi Slaughter
Youtube Nobodies	Insane
Youtube Nobodies	YouTube
Youtube Nobodies	Youtube Nobodies
Asperger's Syndrome	YouTube
Asperger's Syndrome	Furfag
Asperger's Syndrome	Animu
Asperger's Syndrome	Self Injury
Asperger's Syndrome	Jews
Asperger's Syndrome	DeviantART
Asperger's Syndrome	Internet Tough Guy
Asperger's Syndrome	Wimmins
Asperger's Syndrome	Pedophilia
Asperger's Syndrome	Adolf Hitler
Asperger's Syndrome	Jewnited States of Americunts
Asperger's Syndrome	Islam
Asperger's Syndrome	Conspiracy Theory
Asperger's Syndrome	Asperger's Syndrome
Asperger's Syndrome	Abortion
Asperger's Syndrome	Suicide
Asperger's Syndrome	Chris-chan
Asperger's Syndrome	Unfunny
Asperger's Syndrome	Jessi Slaughter
Asperger's Syndrome	Transgender
Asperger's Syndrome	Fat Larry's Band
Asperger's Syndrome	Scientology
Asperger's Syndrome	Fucktard
White Devils	Communism
White Devils	Fat
White Devils	W
White Devils	United States of Australia
White Devils	Barack Obama
White Devils	Internets
White Devils	JEWS DID WTC
White Devils	Injuns
White Devils	Furfag
White Devils	China
White Devils	Redneck
White Devils	Europe
White Devils	Russia
White Devils	Japan
White Devils	Chris-chan
White Devils	Aboriginal
White Devils	Columbine
White Devils	White Devils
White Devils	Social Justice
White Devils	Fact
White Devils	Jews
White Devils	Africa
White Devils	White Nationalism
White Devils	India
White Devils	You
White Devils	Christian
White Devils	Homosexuality
White Devils	Nigger
White Devils	The Great Black Dick Hoax
White Devils	Cock
White Devils	Mexico
White Devils	United Kingdom
White Devils	Jewnited States of Americunts
White Devils	Nazi
White Devils	Islam
I did it for the lulz	Communism
I did it for the lulz	Trolling IRL
I did it for the lulz	Jews
I did it for the lulz	Adolf Hitler
I did it for the lulz	Jewnited States of Americunts
Over 9000	Pwnt
Over 9000	YouTube
Over 9000	Fat
Over 9000	Asperger's Syndrome
Over 9000	Furfag
Over 9000	Meme
Over 9000	At least 100
Over 9000	Animu
Over 9000	Faggot
Over 9000	Jews
Over 9000	Chris-chan
I Can Has Cheezburger?	Meme
I Can Has Cheezburger?	LOL WUT
I Can Has Cheezburger?	Theft
Evil-unveiled.com/Pedospeak	Evil-unveiled.com/Pedospeak
Rape	Pwnt
Rape	Sand niggers
Rape	Secks
Rape	Retard
Rape	Fat
Rape	United States of Australia
Rape	Drug
Rape	Liar
Rape	4chan
Rape	The Internet is serious business
Rape	Zoe Quinn
Rape	Asperger's Syndrome
Rape	Furfag
Rape	Goatse
Rape	Cum
Rape	Self Injury
Rape	Lesbian
Rape	Animu
Rape	Your Mom
Rape	Japan
Rape	Rape
Rape	Internet Tough Guy
Rape	Chris-chan
Rape	Fellatio
Rape	I did it for the lulz
Rape	Aboriginal
Rape	Emo
Rape	Fact
Rape	Jews
Rape	Alcohol
Rape	You
Rape	YOU ARE DOING IT WRONG
Rape	Christian
Rape	Nigger
Rape	Cock
Rape	Jewnited States of Americunts
Rape	BDSM
Rape	Social Justice
Rape	Wimmins
Rape	Islam
Old media	Pwnt
Old media	Weblog
Old media	Conspiracy Theory
Old media	Liar
Old media	Internets
Old media	LOL WUT
Old media	What
Old media	Fact
Old media	Old media
Old media	Old people
Old media	Some argue
Old media	Unfunny
Old media	You
Old media	ALL CAPS
Hacker	Hacker
Hacker	Internet Tough Guy
Hacker	Skript kiddie
Hacker	Teenager
Hacker	Buy A Dog
Hacker	You
Hacker	HACKERS ON STEROIDS
List of sex moves	Secks
List of sex moves	Goatse
List of sex moves	Professional Wrestling
List of sex moves	Wimmins
Crap	Goatse
Crap	At least 100
Crap	Japan
Crap	Aboriginal
Crap	Crap
Crap	DO NOT WANT
Crap	You
Crap	Fucktard
Crap	Shit
Jessi Slaughter	Internet Tough Guy
Jessi Slaughter	Internet celebrity
Jessi Slaughter	Troll
Jessi Slaughter	Internets
Jessi Slaughter	The Internet is serious business
Jessi Slaughter	Whore
Jessi Slaughter	Asperger's Syndrome
Jessi Slaughter	Chris-chan
Jessi Slaughter	Jessi Slaughter
Jessi Slaughter	Retard
Jessi Slaughter	An hero
Jessi Slaughter	YouTube
Jessi Slaughter	You
Jessi Slaughter	B/
Jessi Slaughter	Youtube Nobodies
Dragon Ball Z	Animu
Dragon Ball Z	DeviantART
Dragon Ball Z	Pokémon
Dragon Ball Z	Ball
Dragon Ball Z	Fantard
Dragon Ball Z	Over 9000
Dragon Ball Z	IMMA CHARGIN MAH LAZER
Dragon Ball Z	Dragon Ball Z
Dragon Ball Z	You
Dragon Ball Z	Mexico
Christian	Communism
Christian	Furfag
Christian	Jews
Christian	Pedophilia
Christian	Troll
Christian	Pr0n
Christian	The Great Black Dick Hoax
Cum	Fap
Cum	Whore
Cum	Furfag
Cum	Rape
Cum	Cum
Cum	Delicious Cake
Cum	Your Mom
Cum	Alcohol
Cum	You
Cum	Cock
Cum	Jewnited States of Americunts
HACKERS ON STEROIDS	Hacker
HACKERS ON STEROIDS	Internets
HACKERS ON STEROIDS	JEWS DID WTC
HACKERS ON STEROIDS	Buy A Dog
Powerword	Powerword
Powerword	Pr0n
Internets	Internets
Internets	Furfag
Internets	Jews
Internets	DeviantART
Internets	Old media
Internets	YOU ARE DOING IT WRONG
Internets	Wimmins
Internets	Internet celebrity
Internets	Pedophilia
Internets	Your Mom
Internets	Buy A Dog
Internets	Mexico
Internets	What
Internets	Weblog
Internets	Basement-dweller
Internets	Liar
Internets	Encyclopædia Dramatica
Internets	The Internet is serious business
Internets	LOL WUT
Internets	At least 100
Internets	Jessi Slaughter
Internets	Pwnt
Internets	Retard
Internets	An hero
Internets	JEWS DID WTC
Internets	Meme
Internets	White Devils
Internets	Insane
Internets	Emo
Internets	Fact
Internets	You
Internets	IRL
Internets	Lulz
Internets	YouTube
Internets	Fat
Internets	Barack Obama
Internets	4chan
Internets	Fail
Internets	Some argue
Internets	Party Van
Internets	Newbie
Internets	HACKERS ON STEROIDS
Internets	Cock
Internets	ALL CAPS
Self Injury	Rape
Self Injury	Fat
Self Injury	Retard
Self Injury	An hero
Self Injury	Asperger's Syndrome
Self Injury	Furfag
Self Injury	Pro-Ana
Internet Tough Guy	Hacker
Internet Tough Guy	13-year-old boy
Internet Tough Guy	Fap
Internet Tough Guy	An hero
Internet Tough Guy	Unwarranted Self-Importance
Internet Tough Guy	The Internet is serious business
Internet Tough Guy	JEWS DID WTC
Internet Tough Guy	Asperger's Syndrome
Internet Tough Guy	Delete fucking everything
Internet Tough Guy	Fail
Internet Tough Guy	DeviantART
Internet Tough Guy	Rape
Internet Tough Guy	Internet Tough Guy
Internet Tough Guy	Skript kiddie
Internet Tough Guy	Chris-chan
Internet Tough Guy	YOU ARE DOING IT WRONG
Internet Tough Guy	Internet celebrity
Internet Tough Guy	Emo
Internet Tough Guy	Troll
Internet Tough Guy	Alcohol
Internet Tough Guy	Retard
Internet Tough Guy	Jessi Slaughter
Internet Tough Guy	Columbine
Internet Tough Guy	Scientology
Internet Tough Guy	You
Internet Tough Guy	Homosexuality
Uncyclopedia	Retard
Uncyclopedia	Encyclopædia Dramatica
Uncyclopedia	The Internet is serious business
Uncyclopedia	China
Uncyclopedia	Girlvinyl
Suicide	Self Injury
Suicide	OhInternet
Suicide	Adolf Hitler
Suicide	DeviantART
Suicide	Pedophilia
Suicide	Social Justice
Suicide	Buy A Dog
Suicide	Mexico
Suicide	Emo
Suicide	Your Mom
Suicide	Islam
Suicide	Basement-dweller
Suicide	Asperger's Syndrome
Suicide	Redneck
Suicide	Ball
Suicide	Delete fucking everything
Suicide	Suicide
Suicide	Chris-chan
Suicide	Alcohol
Suicide	Christian
Delicious Cake	Retard
Delicious Cake	Fat
Delicious Cake	Liar
Delicious Cake	B/
Delicious Cake	Cum
Delicious Cake	Delicious Cake
Delicious Cake	Wimmins
Delicious Cake	Alcohol
Delicious Cake	Cock
Meme	JEWS DID WTC
Meme	I Can Has Cheezburger?
Meme	Divide by zero
Meme	Meme
Meme	You
Meme	An hero
Meme	Unfunny
Meme	Weblog
Meme	HAHAHA DISREGARD THAT, I SUCK COCKS
Meme	Over 9000
Meme	Faggot
Meme	Internets
Meme	B/
Meme	4chan
Meme	Fail
Insane	Fat
Insane	Retard
Insane	Unwarranted Self-Importance
Insane	Barack Obama
Insane	Conspiracy Theory
Insane	B/
Insane	JEWS DID WTC
Insane	Asperger's Syndrome
Insane	Furfag
Insane	Pro-Ana
Insane	Self Injury
Insane	Scientology
Insane	Insane
Insane	Chris-chan
Insane	W
Insane	Pedophilia
Insane	Wimmins
Insane	Internets
Insane	Youtube Nobodies
Insane	Transgender
Insane	Christian
Insane	Your Mom
Insane	Lulz
Insane	Homosexuality
Insane	Jewnited States of Americunts
Insane	BDSM
Death	Secks
Death	An hero
Death	Drug
Death	Whore
Death	Old people
Death	Self Injury
Death	Abortion
Death	Your Mom
Death	Suicide
Death	Tits
Death	Money
Death	Alcohol
Death	Murder
Death	Banned
Death	IRL
Death	You
Nazi	Communism
Nazi	Abortion
Nazi	Jews
Nazi	W
Nazi	Europe
Nazi	Mexico
Nazi	Islam
Nazi	Asperger's Syndrome
Nazi	China
Nazi	Adolf Hitler
Nazi	YOU ARE DOING IT WRONG
Nazi	Christian
Nazi	Retard
Nazi	JEWS DID WTC
Nazi	Emo
Nazi	Fact
Nazi	Over 9000
Nazi	You
Nazi	Drug
Nazi	Lulz
Nazi	Fap
Nazi	Fat
Nazi	Barack Obama
Nazi	B/
Nazi	Pro-Ana
Nazi	Animu
Nazi	Russia
Nazi	White Devils
Nazi	White Nationalism
The Internet is serious business	Party Van
The Internet is serious business	Rape
The Internet is serious business	Internets
The Internet is serious business	The Internet is serious business
The Internet is serious business	China
The Internet is serious business	Girlvinyl
The Internet is serious business	OhInternet
The Internet is serious business	DeviantART
The Internet is serious business	Internet Tough Guy
The Internet is serious business	Chris-chan
The Internet is serious business	I did it for the lulz
The Internet is serious business	Aboriginal
The Internet is serious business	Internet celebrity
The Internet is serious business	Jessi Slaughter
The Internet is serious business	Nigger
The Internet is serious business	Uncyclopedia
Pepe	4chan
Pepe	Chris-chan
Pepe	Furfag
Pepe	An hero
Pepe	Retard
Pepe	You
Pepe	Lulz
Some argue	Pwnt
Some argue	Drug
Some argue	Weblog
Some argue	Liar
Some argue	Internets
Some argue	Goatse
Some argue	LOL WUT
Some argue	What
Some argue	W
Some argue	Old media
Some argue	Jews
Some argue	ALL CAPS
Furfag	Furfag
Furfag	Self Injury
Furfag	Jews
Furfag	DeviantART
Furfag	Role-playing
Furfag	4chan
Furfag	Pedophilia
Furfag	Internets
Furfag	Social Justice
Furfag	Troll
Furfag	DO NOT WANT
Furfag	Pr0n
Furfag	The Great Black Dick Hoax
Furfag	Emo
Furfag	Basement-dweller
Furfag	Liar
Furfag	Asperger's Syndrome
Furfag	Injuns
Furfag	LOL WUT
Furfag	Faggot
Furfag	Chris-chan
Furfag	Incontinent Student Bodies
Furfag	Unfunny
Furfag	Transgender
Furfag	Christian
Furfag	Fat Larry's Band
Furfag	Scientology
Furfag	Fucktard
Jews	Communism
Jews	Theft
Jews	Internets
Jews	Furfag
Jews	Jews
Jews	Russia
Jews	Pedophilia
Jews	Troll
Jews	Jew Gold
Jews	Adolf Hitler
Jews	Jewnited States of Americunts
Jews	Islam
Jews	Conspiracy Theory
Jews	Basement-dweller
Jews	India
Jews	Whore
Jews	Asperger's Syndrome
Jews	Injuns
Jews	Abortion
Jews	W
Jews	Money
Jews	Chris-chan
Jews	Alcohol
Jews	Christian
Jews	Fat Larry's Band
Jews	Scientology
Jews	White Devils
Jews	Sand niggers
Jews	Retard
Jews	JEWS DID WTC
Jews	Best Korea
Jews	Music
Jews	I did it for the lulz
Jews	Fact
Jews	Over 9000
Jews	You
Jews	Murder
Jews	Lulz
Jews	Nazi
Jews	Fap
Jews	YouTube
Jews	Liar
Jews	Europe
Jews	Animu
Jews	Japan
Jews	Rape
Jews	Some argue
Jews	Aboriginal
Jews	United Kingdom
Jews	Moderator
Jews	Unwarranted Self-Importance
Jews	Nigger
Jews	Homosexuality
Skript kiddie	Hacker
Skript kiddie	Delete fucking everything
Skript kiddie	Fail
Skript kiddie	Internet Tough Guy
Skript kiddie	Troll
Skript kiddie	YOU ARE DOING IT WRONG
Skript kiddie	Unwarranted Self-Importance
Jew Gold	Communism
Jew Gold	Jews
Jew Gold	Adolf Hitler
Jew Gold	Money
Jew Gold	JEWS DID WTC
Jew Gold	Scientology
Camwhore	YouTube
Camwhore	4chan
Camwhore	B/
Camwhore	Whore
Camwhore	The Cancer That Is Killing /b/
Camwhore	Faggot
Mexico	Suicide
Mexico	Drug
Mexico	Internets
Mexico	India
Mexico	4chan
Mexico	Sand niggers
Mexico	Russia
Mexico	White Devils
Mexico	Professional Wrestling
Mexico	China
Mexico	Redneck
Mexico	W
Mexico	Wimmins
Mexico	Best Korea
Mexico	Delete fucking everything
Mexico	Injuns
Weblog	Internets
Weblog	DeviantART
Weblog	Old media
Weblog	Weblog
Weblog	Liar
Weblog	LOL WUT
Weblog	Pwnt
Weblog	What
Weblog	Meme
Weblog	16-year-old girl
Weblog	You
Weblog	Sock puppet
Weblog	YouTube
Weblog	Fail
Weblog	Some argue
Weblog	ALL CAPS
Liar	Pwnt
Liar	YouTube
Liar	Weblog
Liar	Liar
Liar	Internets
Liar	Furfag
Liar	LOL WUT
Liar	What
Liar	W
Liar	Brony
Liar	IRL
Liar	Rape
Liar	Old media
Liar	16-year-old girl
Liar	Delicious Cake
Liar	Chris-chan
Liar	Some argue
Liar	Weed
Liar	Fact
Liar	Jews
Liar	Troll
Liar	You
Liar	Fail
Liar	Sock puppet
Liar	ALL CAPS
At least 100	Communism
At least 100	Crap
At least 100	You
At least 100	Fap
At least 100	Animu
At least 100	Nigger
At least 100	Lulz
At least 100	Over 9000
At least 100	Vagoo
At least 100	Internets
At least 100	Encyclopædia Dramatica
At least 100	Jewnited States of Americunts
Your Mom	13-year-old boy
Your Mom	Secks
Your Mom	Fat
Your Mom	Drug
Your Mom	Internets
Your Mom	Whore
Your Mom	Cum
Your Mom	LOL WUT
Your Mom	Lesbian
Your Mom	Insane
Your Mom	Your Mom
Your Mom	Vagoo
Your Mom	Money
Your Mom	Rape
Your Mom	Death
Your Mom	Old people
Your Mom	Wimmins
Your Mom	Emo
Your Mom	Unfunny
Your Mom	Pokémon
Your Mom	Alcohol
Your Mom	Murder
Your Mom	Suicide
Your Mom	Uncyclopedia
Your Mom	IRL
Your Mom	Cock
Your Mom	You
White Nationalism	White Devils
White Nationalism	You
White Nationalism	Jewnited States of Americunts
White Nationalism	Adolf Hitler
White Nationalism	Christian
White Nationalism	Nazi
16-year-old girl	13-year-old boy
16-year-old girl	Drug
16-year-old girl	Weblog
16-year-old girl	Whore
16-year-old girl	O rly
16-year-old girl	Pro-Ana
16-year-old girl	Transgender
16-year-old girl	Self Injury
16-year-old girl	Abortion
16-year-old girl	Scientology
16-year-old girl	Brony
16-year-old girl	Buttsecks
16-year-old girl	16-year-old girl
16-year-old girl	Social Justice
16-year-old girl	Pedophilia
16-year-old girl	Liar
16-year-old girl	Fact
16-year-old girl	Pokémon
16-year-old girl	Teenager
16-year-old girl	Murder
16-year-old girl	Fat Larry's Band
16-year-old girl	Emo
Cock	Internets
Cock	Furfag
Cock	HAHAHA DISREGARD THAT, I SUCK COCKS
Cock	Self Injury
Cock	DeviantART
Cock	Tits
Cock	Wimmins
Cock	Pedophilia
Cock	The Great Black Dick Hoax
Cock	Secks
Cock	United States of Australia
Cock	Whore
Cock	LOL WUT
Cock	China
Cock	Faggot
Cock	Your Mom
Cock	Vagoo
Cock	Suicide
Cock	Delicious Cake
Cock	Chris-chan
Whore	Secks
Whore	Fact
Whore	Drug
Whore	Whore
Whore	Cum
Whore	Lesbian
Whore	Girlvinyl
Whore	Animu
Whore	Abortion
Whore	16-year-old girl
Whore	Your Mom
Whore	Money
Whore	Death
Whore	Old people
Whore	Chris-chan
Whore	Transgender
Whore	Jews
Whore	Alcohol
Whore	Jessi Slaughter
Whore	Murder
Whore	Fat Larry's Band
Whore	Camwhore
Whore	Unwarranted Self-Importance
Whore	Nigger
Whore	IRL
Whore	Cock
Music	YouTube
Music	Retard
Music	An hero
Music	B/
Music	Asperger's Syndrome
Music	Jews
Music	Music
Music	Emo
Music	You
Music	Fat Larry's Band
Music	Cock
You	Communism
Pro-Ana	Fat
Pro-Ana	Retard
Pro-Ana	Asperger's Syndrome
Pro-Ana	Furfag
Pro-Ana	Self Injury
Pro-Ana	16-year-old girl
Pro-Ana	Insane
Pro-Ana	Pedophilia
Pro-Ana	Emo
Pro-Ana	Transgender
Pro-Ana	Homosexuality
Pro-Ana	Nazi
OhInternet	Girlvinyl
OhInternet	OhInternet
Adolf Hitler	Communism
Adolf Hitler	Jews
Adolf Hitler	W
Adolf Hitler	Jew Gold
Adolf Hitler	Islam
Adolf Hitler	United States of Australia
Adolf Hitler	Asperger's Syndrome
Adolf Hitler	Suicide
Adolf Hitler	Buttsecks
Adolf Hitler	Chris-chan
Adolf Hitler	Christian
Adolf Hitler	Sand niggers
Adolf Hitler	An hero
Adolf Hitler	JEWS DID WTC
Adolf Hitler	Best Korea
Adolf Hitler	I did it for the lulz
Adolf Hitler	Emo
Adolf Hitler	Over 9000
Adolf Hitler	You
Adolf Hitler	Nazi
Adolf Hitler	Russia
Adolf Hitler	Columbine
Adolf Hitler	Africa
Adolf Hitler	White Nationalism
Adolf Hitler	Pokémon
Adolf Hitler	Murder
Adolf Hitler	Nigger
Adolf Hitler	Homosexuality
Basement-dweller	Suicide
Basement-dweller	Fap
Basement-dweller	Retard
Basement-dweller	An hero
Basement-dweller	Internets
Basement-dweller	4chan
Basement-dweller	Furfag
Basement-dweller	Brony
Basement-dweller	Jews
Basement-dweller	Money
Basement-dweller	Japan
Basement-dweller	Weed
Basement-dweller	Chris-chan
Basement-dweller	Social Justice
Basement-dweller	Emo
Basement-dweller	Alcohol
Basement-dweller	Fat Larry's Band
Basement-dweller	Murder
Basement-dweller	IRL
Basement-dweller	You
India	Jews
India	Europe
India	Mexico
India	Jewnited States of Americunts
India	Islam
India	United States of Australia
India	India
India	Injuns
India	China
India	Alcohol
India	United Kingdom
India	White Devils
India	Sand niggers
India	Best Korea
India	Fact
India	Drug
India	Russia
India	Japan
Fucktard	13-year-old boy
Fucktard	United States of Australia
Fucktard	Retard
Fucktard	Asperger's Syndrome
Fucktard	Furfag
Fucktard	Self Injury
Fucktard	Crap
Fucktard	Nigger
Fucktard	Emo
Fucktard	Homosexuality
Animu	4chan
Animu	Whore
Animu	Asperger's Syndrome
Animu	At least 100
Animu	Pokémon
Animu	Rape
Animu	Animu
Animu	Jews
Animu	Fail
Animu	Japan
Animu	DeviantART
Animu	Chris-chan
Animu	Fantard
Animu	Emo
Animu	Fact
Animu	Unfunny
Animu	Over 9000
Animu	Dragon Ball Z
Animu	You
Animu	RAGE
Animu	Nazi
Columbine	Trolling IRL
Columbine	Internet Tough Guy
Columbine	Adolf Hitler
Columbine	Suicide
Columbine	Alcohol
Columbine	White Devils
Columbine	An hero
Lesbian	Fat
Lesbian	Whore
Lesbian	Furfag
Lesbian	Your Mom
Lesbian	Vagoo
Lesbian	Rape
Lesbian	Suicide
Lesbian	Social Justice
Lesbian	Christian
Lesbian	Cock
Lesbian	Homosexuality
Lesbian	You
Russia	Communism
Russia	Sand niggers
Russia	United States of Australia
Russia	India
Russia	China
Russia	Russia
Russia	Europe
Russia	White Devils
Teenager	Hacker
Teenager	13-year-old boy
Teenager	Fap
Teenager	4chan
Teenager	Self Injury
Teenager	16-year-old girl
Teenager	Vagoo
Teenager	Pedophilia
Teenager	Teenager
The Cancer That Is Killing /b/	13-year-old boy
The Cancer That Is Killing /b/	Fact
The Cancer That Is Killing /b/	B/
The Cancer That Is Killing /b/	4chan
The Cancer That Is Killing /b/	The Cancer That Is Killing /b/
The Cancer That Is Killing /b/	Incontinent Student Bodies
Sand niggers	Communism
Sand niggers	Sand niggers
Sand niggers	Japan
Sand niggers	Drug
Sand niggers	India
Sand niggers	JEWS DID WTC
Sand niggers	Injuns
Sand niggers	China
Sand niggers	W
Sand niggers	Best Korea
Sand niggers	Rape
Sand niggers	Russia
Sand niggers	Aboriginal
Sand niggers	Wimmins
Sand niggers	Jews
Newbie	Drug
Newbie	Internets
Newbie	What
Newbie	Delete fucking everything
Newbie	United Kingdom
Newbie	You
Fellatio	13-year-old boy
Fellatio	Buttsecks
Fellatio	Secks
Fellatio	Fellatio
Fellatio	LOL WUT
Fellatio	Fat
Fellatio	Wimmins
Fellatio	Cock
Fellatio	Homosexuality
Fellatio	Rape
Weed	Drug
Weed	Basement-dweller
Weed	Liar
Weed	India
Weed	Alcohol
Weed	Nigger
Weed	Mexico
Weed	Jewnited States of Americunts
Party Van	Girlvinyl
Party Van	OhInternet
Party Van	DeviantART
Party Van	Pedophilia
Party Van	Uncyclopedia
Party Van	Islam
Party Van	Secks
Party Van	United States of Australia
Party Van	Internets
Party Van	The Internet is serious business
Party Van	China
Party Van	Chris-chan
Party Van	Scientology
Homosexuality	13-year-old boy
Homosexuality	Pr0n
Homosexuality	Furfag
Homosexuality	Professional Wrestling
Homosexuality	Self Injury
Homosexuality	Jews
Homosexuality	Internet Tough Guy
Homosexuality	Europe
Homosexuality	Pedophilia
Homosexuality	Troll
Homosexuality	Camwhore
Homosexuality	Uncyclopedia
Homosexuality	Adolf Hitler
Homosexuality	The Great Black Dick Hoax
Homosexuality	Mexico
Homosexuality	Jewnited States of Americunts
Homosexuality	Secks
Homosexuality	Asperger's Syndrome
Homosexuality	Redneck
Homosexuality	Abortion
Homosexuality	Faggot
Homosexuality	Buttsecks
Homosexuality	Goatse
Homosexuality	Transgender
Homosexuality	Christian
Homosexuality	Scientology
Homosexuality	Fucktard
Homosexuality	Sand niggers
Homosexuality	Retard
Homosexuality	An hero
Homosexuality	Brony
Homosexuality	Insane
Homosexuality	Fellatio
Homosexuality	Emo
Homosexuality	You
Homosexuality	United Kingdom
Homosexuality	Fap
Homosexuality	Fat
Homosexuality	Barack Obama
Homosexuality	B/
Europe	United States of Australia
What	Pwnt
Chris-chan	Fact
Chris-chan	Zoe Quinn
Chris-chan	Furfag
Chris-chan	Suicide
Chris-chan	Girlvinyl
Chris-chan	OhInternet
Chris-chan	Jews
Chris-chan	DeviantART
Chris-chan	Internet Tough Guy
Chris-chan	Internet celebrity
Chris-chan	You
Chris-chan	Pedophilia
Chris-chan	Uncyclopedia
Chris-chan	Adolf Hitler
Chris-chan	Emo
Chris-chan	Rape
Chris-chan	Islam
Goatse	Fap
Goatse	United States of Australia
Goatse	Pr0n
Goatse	List of sex moves
Goatse	Encyclopædia Dramatica
Goatse	Pokémon
Goatse	Furfag
Goatse	Goatse
Goatse	China
Goatse	Rape
Goatse	Buttsecks
Goatse	Star Wars
Goatse	Some argue
Goatse	Lulz
Goatse	Crap
Goatse	DO NOT WANT
Goatse	YOU ARE DOING IT WRONG
Goatse	Banned
Goatse	Nigger
Goatse	Pain Series
Goatse	United Kingdom
Goatse	Homosexuality
Shit no one cares about	GTFO
Shit no one cares about	You
Shit no one cares about	An hero
Shit no one cares about	Emo
Shit no one cares about	Wimmins
Shit no one cares about	B/
Shit no one cares about	4chan
Shit no one cares about	Fail
Redneck	United States of Australia
Redneck	Redneck
Redneck	Suicide
Redneck	Unfunny
Redneck	Mexico
Redneck	Alcohol
Redneck	Nigger
Redneck	White Devils
Redneck	Homosexuality
Redneck	Jewnited States of Americunts
300	B/
300	Zoe Quinn
300	Buttsecks
300	Fantard
300	Star Wars
300	DO NOT WANT
300	Cock
Aboriginal	W
Aboriginal	Girlvinyl
Aboriginal	OhInternet
Aboriginal	DeviantART
Aboriginal	The Great Black Dick Hoax
Aboriginal	Rape
Aboriginal	United States of Australia
Aboriginal	Injuns
Aboriginal	China
Aboriginal	Chris-chan
Aboriginal	Crap
Aboriginal	Alcohol
Aboriginal	White Devils
Aboriginal	Sand niggers
Aboriginal	Jews
Aboriginal	Uncyclopedia
Aboriginal	Barack Obama
Aboriginal	The Internet is serious business
Aboriginal	Japan
Aboriginal	Aboriginal
Aboriginal	Party Van
Aboriginal	Africa
Aboriginal	Nigger
Murder	Pwnt
Murder	Sand niggers
Murder	Secks
Murder	An hero
Murder	Your Mom
Murder	Basement-dweller
Murder	JEWS DID WTC
Murder	Brony
Murder	Scientology
Murder	IRL
Murder	Death
Murder	W
Murder	Old people
Murder	16-year-old girl
Murder	Alcohol
Murder	Chris-chan
Murder	Social Justice
Murder	Columbine
Murder	Jews
Murder	Money
Murder	Murder
Murder	Christian
Murder	Suicide
Murder	Adolf Hitler
Murder	Barack Obama
Murder	Whore
Murder	Islam
Unwarranted Self-Importance	Zoe Quinn
Unwarranted Self-Importance	Furfag
Unwarranted Self-Importance	Jews
Unwarranted Self-Importance	Internet Tough Guy
Unwarranted Self-Importance	Skript kiddie
Unwarranted Self-Importance	Troll
Unwarranted Self-Importance	Jewnited States of Americunts
Unwarranted Self-Importance	Islam
Unwarranted Self-Importance	Whore
Unwarranted Self-Importance	Asperger's Syndrome
Unwarranted Self-Importance	Faggot
Unwarranted Self-Importance	Delete fucking everything
Unwarranted Self-Importance	Chris-chan
Unwarranted Self-Importance	YOU ARE DOING IT WRONG
Unwarranted Self-Importance	Scientology
Unwarranted Self-Importance	Insane
Unwarranted Self-Importance	DeviantART
Unwarranted Self-Importance	B/
Unwarranted Self-Importance	Fail
Unwarranted Self-Importance	Nigger
Unwarranted Self-Importance	Homosexuality
Nigger	Communism
Nigger	Theft
Nigger	Furfag
Nigger	Girlvinyl
Nigger	Wimmins
Nigger	The Fresh Prince of Bel-Air
Nigger	Adolf Hitler
Nigger	The Great Black Dick Hoax
Nigger	Mexico
Nigger	Jewnited States of Americunts
Nigger	Islam
Nigger	United States of Australia
Nigger	Conspiracy Theory
Nigger	India
Nigger	Whore
Nigger	Asperger's Syndrome
Nigger	Injuns
Nigger	China
Nigger	At least 100
Nigger	Redneck
Nigger	W
Nigger	White Devils
Nigger	Fucktard
Nigger	Sand niggers
Nigger	Retard
Nigger	JEWS DID WTC
Nigger	Goatse
Nigger	Brony
Nigger	Best Korea
Nigger	Fact
Nigger	Jews
Nigger	You
Nigger	United Kingdom
Nigger	Fat
Nigger	Drug
Nigger	Barack Obama
Nigger	The Internet is serious business
Nigger	Russia
Nigger	Japan
Nigger	Rape
Nigger	Weed
Nigger	Aboriginal
Nigger	Africa
Nigger	Unwarranted Self-Importance
Nigger	Nigger
Nigger	Homosexuality
13-year-old boy	Pwnt
13-year-old boy	13-year-old boy
13-year-old boy	Secks
13-year-old boy	Fap
13-year-old boy	YouTube
13-year-old boy	Drug
13-year-old boy	Your Mom
13-year-old boy	4chan
13-year-old boy	Teenager
13-year-old boy	The Cancer That Is Killing /b/
13-year-old boy	I'm 12 years old and what is this?
13-year-old boy	16-year-old girl
13-year-old boy	Faggot
13-year-old boy	DeviantART
13-year-old boy	Internet Tough Guy
13-year-old boy	Tits
13-year-old boy	Fellatio
DeviantART	13-year-old boy
DeviantART	Internets
DeviantART	Furfag
DeviantART	Girlvinyl
DeviantART	OhInternet
DeviantART	DeviantART
DeviantART	Internet Tough Guy
DeviantART	Suicide
DeviantART	Weblog
DeviantART	Encyclopædia Dramatica
DeviantART	The Internet is serious business
DeviantART	Asperger's Syndrome
DeviantART	China
DeviantART	Faggot
DeviantART	Chris-chan
DeviantART	Fantard
DeviantART	Dragon Ball Z
DeviantART	Uncyclopedia
DeviantART	Retard
DeviantART	An hero
DeviantART	YouTube
DeviantART	Emo
DeviantART	You
DeviantART	Mary Sue
DeviantART	4chan
DeviantART	Animu
DeviantART	Aboriginal
DeviantART	Party Van
DeviantART	Pedophilia
DeviantART	Unwarranted Self-Importance
DeviantART	Cock
Internet celebrity	Internets
Internet celebrity	Internet Tough Guy
Internet celebrity	Internet celebrity
Internet celebrity	Encyclopædia Dramatica
Internet celebrity	The Internet is serious business
Internet celebrity	Chris-chan
The Fresh Prince of Bel-Air	Nigger
Jewnited States of Americunts	Communism
Jewnited States of Americunts	Unfunny
Jewnited States of Americunts	Professional Wrestling
Jewnited States of Americunts	Jews
Jewnited States of Americunts	Europe
Jewnited States of Americunts	Wimmins
Jewnited States of Americunts	Pedophilia
Jewnited States of Americunts	Money
Jewnited States of Americunts	Mexico
Jewnited States of Americunts	Jewnited States of Americunts
Jewnited States of Americunts	Islam
Jewnited States of Americunts	United States of Australia
Jewnited States of Americunts	India
Jewnited States of Americunts	Asperger's Syndrome
Jewnited States of Americunts	Injuns
Jewnited States of Americunts	China
Jewnited States of Americunts	At least 100
Jewnited States of Americunts	Redneck
Jewnited States of Americunts	W
Jewnited States of Americunts	Weed
Jewnited States of Americunts	Transgender
Jewnited States of Americunts	Christian
Jewnited States of Americunts	White Devils
Jewnited States of Americunts	Sand niggers
Jewnited States of Americunts	Retard
Jewnited States of Americunts	JEWS DID WTC
Jewnited States of Americunts	White Nationalism
Jewnited States of Americunts	Best Korea
Jewnited States of Americunts	Insane
Jewnited States of Americunts	Scientology
Jewnited States of Americunts	I did it for the lulz
Jewnited States of Americunts	United Kingdom
Jewnited States of Americunts	Barack Obama
Jewnited States of Americunts	4chan
Jewnited States of Americunts	Russia
Jewnited States of Americunts	Japan
Jewnited States of Americunts	Rape
Jewnited States of Americunts	Cum
Injuns	Sand niggers
Injuns	Furfag
Injuns	White Devils
Injuns	India
Injuns	What
Injuns	Best Korea
Injuns	Aboriginal
Injuns	Jewnited States of Americunts
Injuns	Jews
Injuns	Africa
Injuns	Alcohol
Divide by zero	Secks
Divide by zero	Drug
Divide by zero	JEWS DID WTC
Divide by zero	Divide by zero
Divide by zero	Meme
LOL WUT	Pwnt
LOL WUT	Weblog
LOL WUT	Liar
LOL WUT	Internets
LOL WUT	Furfag
LOL WUT	What
LOL WUT	Your Mom
LOL WUT	Old media
LOL WUT	Fellatio
LOL WUT	Some argue
LOL WUT	United States of Australia
LOL WUT	I Can Has Cheezburger?
LOL WUT	IRL
LOL WUT	Cock
LOL WUT	Lulz
LOL WUT	ALL CAPS
China	Communism
China	Girlvinyl
China	OhInternet
China	DeviantART
China	Tits
China	Europe
China	Wimmins
China	Mexico
China	Jewnited States of Americunts
China	United States of Australia
China	India
China	The Internet is serious business
China	Uncyclopedia
China	China
China	Vagoo
China	Chris-chan
China	White Devils
China	Sand niggers
China	Goatse
China	Best Korea
China	You
China	Lulz
China	United Kingdom
China	Nazi
China	Russia
China	Japan
Theft	I Can Has Cheezburger?
Theft	Nigger
Theft	Jews
Delete fucking everything	Newbie
Scientology	13-year-old boy
Scientology	Communism
Scientology	Furfag
Scientology	Jews
Scientology	Internet Tough Guy
Scientology	Role-playing
Scientology	Troll
Scientology	Jew Gold
Scientology	Jewnited States of Americunts
Scientology	Islam
Scientology	Secks
Scientology	Asperger's Syndrome
Scientology	Abortion
Scientology	Money
Scientology	YOU ARE DOING IT WRONG
Scientology	Christian
Scientology	Scientology
Scientology	Retard
Scientology	An hero
Scientology	JEWS DID WTC
Scientology	Insane
Scientology	16-year-old girl
Scientology	Fact
Scientology	Murder
I'm 12 years old and what is this?	13-year-old boy
I'm 12 years old and what is this?	What
YouTube	13-year-old boy
YouTube	Furfag
YouTube	Jews
YouTube	DeviantART
YouTube	Internet celebrity
YouTube	Money
YouTube	Troll
YouTube	You
YouTube	Camwhore
YouTube	Islam
YouTube	Weblog
YouTube	Internets
YouTube	Asperger's Syndrome
YouTube	Fantard
YouTube	HAHAHA DISREGARD THAT, I SUCK COCKS
YouTube	Jessi Slaughter
YouTube	Pwnt
YouTube	Retard
YouTube	An hero
YouTube	JEWS DID WTC
Barack Obama	Communism
Barack Obama	Trolling IRL
Barack Obama	Internets
Barack Obama	Furfag
Barack Obama	Buy A Dog
Barack Obama	The Great Black Dick Hoax
Barack Obama	Jewnited States of Americunts
Barack Obama	Islam
Barack Obama	Secks
Barack Obama	Abortion
Barack Obama	W
Barack Obama	Christian
Barack Obama	White Devils
Barack Obama	JEWS DID WTC
Barack Obama	Best Korea
Barack Obama	Insane
Barack Obama	You
Barack Obama	Drug
Barack Obama	Nazi
Barack Obama	Fat
Barack Obama	Barack Obama
Barack Obama	I did it for the lulz
Barack Obama	Aboriginal
Barack Obama	Columbine
Barack Obama	Africa
Barack Obama	Murder
Barack Obama	Homosexuality
Barack Obama	Nigger
4chan	13-year-old boy
4chan	Suicide
4chan	Rape
4chan	Shit no one cares about
4chan	Retard
Japan	Jews
Japan	Tits
Japan	Europe
Japan	Mexico
Japan	Jewnited States of Americunts
Japan	United States of Australia
Japan	Basement-dweller
Japan	India
Japan	Asperger's Syndrome
Japan	China
Japan	Suicide
Japan	Crap
Japan	Transgender
Japan	White Devils
Japan	Sand niggers
Japan	Retard
Japan	Best Korea
Japan	I did it for the lulz
Japan	Fact
Japan	You
Japan	United Kingdom
Japan	4chan
Japan	O rly
Japan	Animu
Japan	Russia
Japan	Japan
Japan	Rape
Pokémon	Shit Bricks
Pokémon	You
Pokémon	Adolf Hitler
Pokémon	Asperger's Syndrome
Pokémon	China
Pokémon	Abortion
Pokémon	Your Mom
Pokémon	Chris-chan
Pokémon	Incontinent Student Bodies
Pokémon	Dragon Ball Z
Pokémon	Retard
Pokémon	Goatse
Pokémon	16-year-old girl
Pokémon	4chan
Pokémon	Animu
Pokémon	Japan
Pokémon	Cock
ALL CAPS	Pwnt
ALL CAPS	Some argue
ALL CAPS	Weblog
ALL CAPS	Conspiracy Theory
ALL CAPS	Liar
ALL CAPS	Internets
ALL CAPS	RAGE
ALL CAPS	LOL WUT
ALL CAPS	Professional Wrestling
ALL CAPS	What
ALL CAPS	Old media
ALL CAPS	ALL CAPS
Communism	Jews
Communism	Adolf Hitler
Communism	W
Communism	Russia
Communism	Jew Gold
Communism	Jewnited States of Americunts
Communism	China
Communism	At least 100
Communism	Abortion
Communism	Money
Communism	Christian
Communism	Scientology
Communism	White Devils
Communism	Sand niggers
Communism	Best Korea
Communism	I did it for the lulz
Communism	You
Communism	Drug
Communism	Nazi
The Great Black Dick Hoax	Furfag
The Great Black Dick Hoax	The Great Black Dick Hoax
The Great Black Dick Hoax	W
W	Communism
W	Trolling IRL
W	W
W	YOU ARE DOING IT WRONG
W	The Great Black Dick Hoax
W	Mexico
W	Jewnited States of Americunts
W	Islam
W	Liar
W	Abortion
W	Adolf Hitler
W	Chris-chan
W	Christian
W	White Devils
W	Sand niggers
W	Retard
W	JEWS DID WTC
W	Insane
W	Jews
W	IRL
W	Barack Obama
W	Nazi
W	Drug
Transgender	United States of Australia
Transgender	Retard
Transgender	Asperger's Syndrome
Transgender	Furfag
Transgender	Pro-Ana
Transgender	Brony
Transgender	Insane
Transgender	Japan
Transgender	16-year-old girl
Transgender	Chris-chan
Transgender	Pedophilia
Transgender	Wimmins
Transgender	Whore
Transgender	Teenager
Transgender	Transgender
Transgender	Self Injury
Transgender	Secks
Transgender	You
Transgender	Homosexuality
Transgender	Jewnited States of Americunts
Transgender	Social Justice
United Kingdom	Jews
United Kingdom	Europe
United Kingdom	Jewnited States of Americunts
United Kingdom	Islam
United Kingdom	United States of Australia
United Kingdom	India
United Kingdom	China
United Kingdom	Vagoo
United Kingdom	Mexico
United Kingdom	Alcohol
United Kingdom	White Devils
United Kingdom	Sand niggers
United Kingdom	Goatse
United Kingdom	Best Korea
United Kingdom	You
United Kingdom	Lulz
United Kingdom	United Kingdom
Mary Sue	DeviantART
Mary Sue	Fantard
Mary Sue	Wimmins
Mary Sue	Star Wars
Mary Sue	Incontinent Student Bodies
Fail	Pwnt
Fail	Islam
Fail	Retard
Fail	An hero
Fail	Weblog
Fail	Liar
Fail	Internets
Fail	Furfag
Fail	Fail
Fail	Divide by zero
Fail	Meme
Fail	4chan
Fail	Shit no one cares about
Fail	Animu
Fail	Abortion
Fail	Delete fucking everything
Fail	Internet Tough Guy
Fail	Suicide
Fail	Skript kiddie
Fail	You
Fail	Troll
Fail	YOU ARE DOING IT WRONG
Fail	Windows
Fail	Unwarranted Self-Importance
Fail	United Kingdom
Pr0n	Secks
Pr0n	Fap
Pr0n	Fat
Pr0n	Drug
Pr0n	Furfag
Pr0n	Goatse
Pr0n	Vagoo
Pr0n	Powerword
Pr0n	You
Pr0n	Christian
Pr0n	Lulz
Pr0n	Homosexuality
HAHAHA DISREGARD THAT, I SUCK COCKS	YouTube
HAHAHA DISREGARD THAT, I SUCK COCKS	Meme
HAHAHA DISREGARD THAT, I SUCK COCKS	Incontinent Student Bodies
HAHAHA DISREGARD THAT, I SUCK COCKS	Cock
IMMA CHARGIN MAH LAZER	Dragon Ball Z
IMMA CHARGIN MAH LAZER	Banned
Faggot	13-year-old boy
Faggot	You
Faggot	Meme
Faggot	Over 9000
Faggot	Fat Larry's Band
Faggot	Furfag
Faggot	Unwarranted Self-Importance
Faggot	Camwhore
Faggot	Emo
Faggot	Brony
Faggot	Faggot
Faggot	Cock
Faggot	B/
Faggot	Homosexuality
Faggot	DeviantART
Faggot	Wimmins
Vagoo	Secks
Vagoo	Fap
Vagoo	Fat
Vagoo	Pr0n
Vagoo	Lesbian
Vagoo	China
Vagoo	At least 100
Vagoo	Your Mom
Vagoo	Vagoo
Vagoo	Tits
Vagoo	Ball
Buttsecks	Secks
Buttsecks	Fap
Buttsecks	Goatse
Buttsecks	300
Buttsecks	16-year-old girl
Buttsecks	Fellatio
Buttsecks	Pedophilia
Buttsecks	Emo
Buttsecks	You
Buttsecks	Adolf Hitler
Buttsecks	Homosexuality
An hero	Furfag
An hero	Self Injury
An hero	OhInternet
An hero	DeviantART
An hero	Internet Tough Guy
An hero	Troll
Sock puppet	Weblog
Sock puppet	Liar
Sock puppet	Encyclopædia Dramatica
Sock puppet	Banned
Windows	Fail
Windows	Windows
Windows	You
Girlvinyl	Party Van
Girlvinyl	Fat
Girlvinyl	Retard
Girlvinyl	Encyclopædia Dramatica
Girlvinyl	The Internet is serious business
Girlvinyl	China
Girlvinyl	OhInternet
Girlvinyl	Nigger
Girlvinyl	Whore
Girlvinyl	DeviantART
Girlvinyl	Chris-chan
Girlvinyl	Aboriginal
Girlvinyl	Uncyclopedia
Buy A Dog	Hacker
Buy A Dog	Barack Obama
Buy A Dog	Internets
Buy A Dog	Delete fucking everything
Buy A Dog	Suicide
Buy A Dog	Buy A Dog
Buy A Dog	HACKERS ON STEROIDS
Encyclopædia Dramatica	Fat
Encyclopædia Dramatica	Fact
Pwnt	Pwnt
Pwnt	13-year-old boy
Pwnt	Fap
Pwnt	Weblog
Pwnt	Liar
Pwnt	Internets
Pwnt	Fail
Pwnt	LOL WUT
Pwnt	What
Pwnt	Rape
Pwnt	Old media
Pwnt	I did it for the lulz
Pwnt	Some argue
Pwnt	Over 9000
Pwnt	YouTube
Pwnt	You
Pwnt	Murder
Pwnt	IRL
Pwnt	Lulz
Pwnt	ALL CAPS
JEWS DID WTC	Internets
JEWS DID WTC	Internet Tough Guy
JEWS DID WTC	Jew Gold
JEWS DID WTC	Adolf Hitler
JEWS DID WTC	Jewnited States of Americunts
JEWS DID WTC	Islam
JEWS DID WTC	Secks
JEWS DID WTC	Asperger's Syndrome
JEWS DID WTC	W
JEWS DID WTC	Christian
JEWS DID WTC	Scientology
JEWS DID WTC	White Devils
JEWS DID WTC	Nazi
JEWS DID WTC	Sand niggers
JEWS DID WTC	An hero
JEWS DID WTC	JEWS DID WTC
JEWS DID WTC	Meme
JEWS DID WTC	Best Korea
JEWS DID WTC	Insane
JEWS DID WTC	YouTube
JEWS DID WTC	Fact
JEWS DID WTC	Jews
JEWS DID WTC	You
JEWS DID WTC	Murder
GTFO	Tits
GTFO	Mexico
Emo	Furfag
Emo	Self Injury
Emo	Adolf Hitler
Emo	DeviantART
Emo	Internet Tough Guy
Emo	Mexico
Emo	Emo
Emo	Islam
Emo	Basement-dweller
Emo	Asperger's Syndrome
Emo	Faggot
Emo	Your Mom
Emo	Suicide
Emo	Buttsecks
Emo	Chris-chan
Emo	Fantard
Emo	Alcohol
Emo	Fat Larry's Band
Emo	Fucktard
Wimmins	Sand niggers
Wimmins	Secks
Wimmins	Fap
Wimmins	Fat
Wimmins	Fact
Wimmins	List of sex moves
Wimmins	Drug
Wimmins	Internets
Wimmins	Asperger's Syndrome
Wimmins	Shit no one cares about
Wimmins	China
Wimmins	Faggot
Wimmins	Insane
Wimmins	Your Mom
Wimmins	Mary Sue
Wimmins	Rape
Wimmins	Delicious Cake
Wimmins	Fellatio
Wimmins	Africa
Wimmins	Transgender
Wimmins	YOU ARE DOING IT WRONG
Wimmins	Nigger
Wimmins	Cock
Wimmins	Mexico
Wimmins	Homosexuality
Wimmins	Jewnited States of Americunts
Wimmins	Islam
Role-playing	Furfag
Role-playing	You
Role-playing	Scientology
Conspiracy Theory	Asperger's Syndrome
Conspiracy Theory	Insane
Conspiracy Theory	Jews
Conspiracy Theory	Old media
Conspiracy Theory	Troll
Conspiracy Theory	Nigger
Conspiracy Theory	ALL CAPS
RAGE	B/
RAGE	Animu
RAGE	RAGE
RAGE	I did it for the lulz
RAGE	You
RAGE	ALL CAPS
Fantard	Mary Sue
Fantard	Animu
Fantard	300
Fantard	Zoe Quinn
Fantard	YouTube
Fantard	Fantard
Fantard	Emo
Fantard	Dragon Ball Z
Fantard	DeviantART
Unfunny	Furfag
Unfunny	OhInternet
Unfunny	Old media
Unfunny	U MAD
Unfunny	Uncyclopedia
Unfunny	Jewnited States of Americunts
Unfunny	Encyclopædia Dramatica
Unfunny	Redneck
Unfunny	Your Mom
Shit	Crap
Old people	Old media
Old people	Whore
Old people	Secks
Old people	Your Mom
Old people	Money
Old people	IRL
Old people	Death
Old people	Old people
Old people	Pedophilia
Old people	Alcohol
Old people	Murder
Old people	You
Fact	Liar
Fact	Internets
Fact	B/
Fact	India
Fact	Encyclopædia Dramatica
Fact	Whore
Fact	JEWS DID WTC
Fact	The Cancer That Is Killing /b/
Fact	Europe
Fact	Animu
Fact	Jews
Fact	Japan
Fact	Rape
Fact	Old media
Fact	16-year-old girl
Fact	Chris-chan
Fact	I did it for the lulz
Fact	White Devils
Fact	Wimmins
Fact	Fact
Fact	Social Justice
Fact	You
Fact	Christian
Fact	Scientology
Fact	Nigger
Fact	Cock
Fact	Lulz
Fact	Islam
Fact	Nazi
Fap	13-year-old boy
Fap	Pwnt
Fap	Communism
Fap	Secks
Fap	Fap
Fap	Drug
Fap	Basement-dweller
Fap	B/
Fap	Furfag
Fap	Goatse
Fap	At least 100
Fap	Jews
Fap	IRL
Fap	Internet Tough Guy
Fap	Buttsecks
Fap	Cum
Fap	Chris-chan
Fap	Wimmins
Fap	Columbine
Fap	Emo
Fap	Vagoo
Fap	Alcohol
Fap	Teenager
Fap	You
Fap	Christian
Fap	Banned
Fap	Pr0n
Fap	Cock
Fap	Homosexuality
Fap	BDSM
Fap	Nazi
Fat	Pr0n
Fat	Barack Obama
Fat	Internets
Fat	Encyclopædia Dramatica
Fat	Tits
Fat	Furfag
Fat	Pro-Ana
Fat	Self Injury
Fat	Lesbian
Fat	Girlvinyl
Fat	Fellatio
Fat	Insane
Fat	Vagoo
Fat	Nigger
Fat	Rape
Fat	Delicious Cake
Fat	Ball
Fat	White Devils
Fat	Pedophilia
Fat	Emo
Drug	13-year-old boy
Drug	W
Drug	Pr0n
Drug	You
Drug	Mexico
Drug	Secks
Drug	India
Drug	Whore
Drug	Asperger's Syndrome
Drug	Abortion
Drug	Your Mom
Drug	Chris-chan
Drug	Communism
Drug	Alcohol
Drug	Christian
Drug	Fat Larry's Band
Drug	Sand niggers
Drug	Retard
Drug	An hero
Drug	Newbie
Drug	JEWS DID WTC
Drug	16-year-old girl
Drug	Death
Ball	Suicide
Ball	Secks
Ball	Fat
Ball	Tits
Ball	Vagoo
Ball	Ball
Banned	13-year-old boy
Banned	????
